ISO-10303-21;
HEADER;
FILE_DESCRIPTION(('Open CASCADE Model'),'2;1');
FILE_NAME('Open CASCADE Shape Model','2026-02-10T21:38:05',('Author'),(
    'Open CASCADE'),'Open CASCADE STEP processor 7.8','Open CASCADE 7.8'
  ,'Unknown');
FILE_SCHEMA(('AUTOMOTIVE_DESIGN { 1 0 10303 214 1 1 1 1 }'));
ENDSEC;
DATA;
#1 = APPLICATION_PROTOCOL_DEFINITION('international standard',
  'automotive_design',2000,#2);
#2 = APPLICATION_CONTEXT(
  'core data for automotive mechanical design processes');
#3 = SHAPE_DEFINITION_REPRESENTATION(#4,#10);
#4 = PRODUCT_DEFINITION_SHAPE('','',#5);
#5 = PRODUCT_DEFINITION('design','',#6,#9);
#6 = PRODUCT_DEFINITION_FORMATION('','',#7);
#7 = PRODUCT('Open CASCADE STEP translator 7.8 1',
  'Open CASCADE STEP translator 7.8 1','',(#8));
#8 = PRODUCT_CONTEXT('',#2,'mechanical');
#9 = PRODUCT_DEFINITION_CONTEXT('part definition',#2,'design');
#10 = SHAPE_REPRESENTATION('',(#11,#15,#19),#23);
#11 = AXIS2_PLACEMENT_3D('',#12,#13,#14);
#12 = CARTESIAN_POINT('',(0.,0.,0.));
#13 = DIRECTION('',(0.,0.,1.));
#14 = DIRECTION('',(1.,0.,-0.));
#15 = AXIS2_PLACEMENT_3D('',#16,#17,#18);
#16 = CARTESIAN_POINT('',(0.,0.,0.));
#17 = DIRECTION('',(0.,0.,1.));
#18 = DIRECTION('',(1.,0.,-0.));
#19 = AXIS2_PLACEMENT_3D('',#20,#21,#22);
#20 = CARTESIAN_POINT('',(0.,0.,0.));
#21 = DIRECTION('',(0.,0.,1.));
#22 = DIRECTION('',(1.,0.,-0.));
#23 = ( GEOMETRIC_REPRESENTATION_CONTEXT(3) 
GLOBAL_UNCERTAINTY_ASSIGNED_CONTEXT((#27)) GLOBAL_UNIT_ASSIGNED_CONTEXT(
(#24,#25,#26)) REPRESENTATION_CONTEXT('Context #1',
  '3D Context with UNIT and UNCERTAINTY') );
#24 = ( LENGTH_UNIT() NAMED_UNIT(*) SI_UNIT(.MILLI.,.METRE.) );
#25 = ( NAMED_UNIT(*) PLANE_ANGLE_UNIT() SI_UNIT($,.RADIAN.) );
#26 = ( NAMED_UNIT(*) SI_UNIT($,.STERADIAN.) SOLID_ANGLE_UNIT() );
#27 = UNCERTAINTY_MEASURE_WITH_UNIT(LENGTH_MEASURE(5.E-07),#24,
  'distance_accuracy_value','confusion accuracy');
#28 = PRODUCT_RELATED_PRODUCT_CATEGORY('part',$,(#7));
#29 = SHAPE_DEFINITION_REPRESENTATION(#30,#36);
#30 = PRODUCT_DEFINITION_SHAPE('','',#31);
#31 = PRODUCT_DEFINITION('design','',#32,#35);
#32 = PRODUCT_DEFINITION_FORMATION('','',#33);
#33 = PRODUCT('Open CASCADE STEP translator 7.8 1.1',
  'Open CASCADE STEP translator 7.8 1.1','',(#34));
#34 = PRODUCT_CONTEXT('',#2,'mechanical');
#35 = PRODUCT_DEFINITION_CONTEXT('part definition',#2,'design');
#36 = ADVANCED_BREP_SHAPE_REPRESENTATION('',(#11,#37),#91);
#37 = MANIFOLD_SOLID_BREP('',#38);
#38 = CLOSED_SHELL('',(#39,#87));
#39 = ADVANCED_FACE('',(#40),#56,.T.);
#40 = FACE_BOUND('',#41,.T.);
#41 = EDGE_LOOP('',(#42));
#42 = ORIENTED_EDGE('',*,*,#43,.F.);
#43 = EDGE_CURVE('',#44,#44,#46,.T.);
#44 = VERTEX_POINT('',#45);
#45 = CARTESIAN_POINT('',(-10.,-8.910475061469,27.315311295623));
#46 = SURFACE_CURVE('',#47,(#55,#71),.PCURVE_S1.);
#47 = ( BOUNDED_CURVE() B_SPLINE_CURVE(6,(#48,#49,#50,#51,#52,#53,#54),
.UNSPECIFIED.,.T.,.F.) B_SPLINE_CURVE_WITH_KNOTS((1,6,6,1),(
    -6.28318530718,0.,6.28318530718,12.566370614359),.UNSPECIFIED.) 
CURVE() GEOMETRIC_REPRESENTATION_ITEM() RATIONAL_B_SPLINE_CURVE((
    1.669078461068,1.03672962321,1.038346699848,0.853534330196,
1.038346699848,1.03672962321,1.669078461068)) REPRESENTATION_ITEM('') );
#48 = CARTESIAN_POINT('',(-10.,-8.910475061469,27.315311295623));
#49 = CARTESIAN_POINT('',(-10.,-6.463042570796,27.786168318031));
#50 = CARTESIAN_POINT('',(-10.,-6.693861846055,30.880099558594));
#51 = CARTESIAN_POINT('',(-10.,-9.972919999575,32.837714354992));
#52 = CARTESIAN_POINT('',(-10.,-12.29154613249,29.803171404073));
#53 = CARTESIAN_POINT('',(-10.,-11.35790755214,26.844454273215));
#54 = CARTESIAN_POINT('',(-10.,-8.910475061469,27.315311295623));
#55 = PCURVE('',#56,#61);
#56 = PLANE('',#57);
#57 = AXIS2_PLACEMENT_3D('',#58,#59,#60);
#58 = CARTESIAN_POINT('',(-10.,-8.074694793667,13.592074792485));
#59 = DIRECTION('',(-1.,2.219956614965E-16,-1.396484057959E-16));
#60 = DIRECTION('',(-1.616520150995E-16,-0.941019717056,-0.338351728401)
  );
#61 = DEFINITIONAL_REPRESENTATION('',(#62),#70);
#62 = ( BOUNDED_CURVE() B_SPLINE_CURVE(6,(#63,#64,#65,#66,#67,#68,#69),
.UNSPECIFIED.,.T.,.F.) B_SPLINE_CURVE_WITH_KNOTS((1,6,6,1),(
    -6.28318530718,0.,6.28318530718,12.566370614359),.UNSPECIFIED.) 
CURVE() GEOMETRIC_REPRESENTATION_ITEM() RATIONAL_B_SPLINE_CURVE((
    1.669078461068,1.03672962321,1.038346699848,0.853534330196,
1.038346699848,1.03672962321,1.669078461068)) REPRESENTATION_ITEM('') );
#63 = CARTESIAN_POINT('',(-3.856795078972,13.196623829447));
#64 = CARTESIAN_POINT('',(-6.319192596219,12.811616558082));
#65 = CARTESIAN_POINT('',(-7.148824089923,15.801164959399));
#66 = CARTESIAN_POINT('',(-4.725528063995,18.752794074982));
#67 = CARTESIAN_POINT('',(-1.516912304083,16.681740485506));
#68 = CARTESIAN_POINT('',(-1.394397561724,13.581631100812));
#69 = CARTESIAN_POINT('',(-3.856795078972,13.196623829447));
#70 = ( GEOMETRIC_REPRESENTATION_CONTEXT(2) 
PARAMETRIC_REPRESENTATION_CONTEXT() REPRESENTATION_CONTEXT('2D SPACE',''
  ) );
#71 = PCURVE('',#72,#77);
#72 = PLANE('',#73);
#73 = AXIS2_PLACEMENT_3D('',#74,#75,#76);
#74 = CARTESIAN_POINT('',(-10.,-9.193815550582,28.788065626509));
#75 = DIRECTION('',(1.,-2.235071691636E-15,-2.846664344589E-15));
#76 = DIRECTION('',(2.846664344589E-15,0.,1.));
#77 = DEFINITIONAL_REPRESENTATION('',(#78),#86);
#78 = ( BOUNDED_CURVE() B_SPLINE_CURVE(6,(#79,#80,#81,#82,#83,#84,#85),
.UNSPECIFIED.,.T.,.F.) B_SPLINE_CURVE_WITH_KNOTS((1,6,6,1),(
    -6.28318530718,0.,6.28318530718,12.566370614359),.UNSPECIFIED.) 
CURVE() GEOMETRIC_REPRESENTATION_ITEM() RATIONAL_B_SPLINE_CURVE((
    1.669078461068,1.03672962321,1.038346699848,0.853534330196,
1.038346699848,1.03672962321,1.669078461068)) REPRESENTATION_ITEM('') );
#79 = CARTESIAN_POINT('',(-1.472754330886,-0.283340489113));
#80 = CARTESIAN_POINT('',(-1.001897308478,-2.730772979786));
#81 = CARTESIAN_POINT('',(2.092033932085,-2.499953704527));
#82 = CARTESIAN_POINT('',(4.049648728483,0.779104448993));
#83 = CARTESIAN_POINT('',(1.015105777564,3.097730581914));
#84 = CARTESIAN_POINT('',(-1.943611353294,2.164092001559));
#85 = CARTESIAN_POINT('',(-1.472754330886,-0.283340489113));
#86 = ( GEOMETRIC_REPRESENTATION_CONTEXT(2) 
PARAMETRIC_REPRESENTATION_CONTEXT() REPRESENTATION_CONTEXT('2D SPACE',''
  ) );
#87 = ADVANCED_FACE('',(#88),#72,.T.);
#88 = FACE_BOUND('',#89,.T.);
#89 = EDGE_LOOP('',(#90));
#90 = ORIENTED_EDGE('',*,*,#43,.T.);
#91 = ( GEOMETRIC_REPRESENTATION_CONTEXT(3) 
GLOBAL_UNCERTAINTY_ASSIGNED_CONTEXT((#95)) GLOBAL_UNIT_ASSIGNED_CONTEXT(
(#92,#93,#94)) REPRESENTATION_CONTEXT('Context #1',
  '3D Context with UNIT and UNCERTAINTY') );
#92 = ( LENGTH_UNIT() NAMED_UNIT(*) SI_UNIT(.MILLI.,.METRE.) );
#93 = ( NAMED_UNIT(*) PLANE_ANGLE_UNIT() SI_UNIT($,.RADIAN.) );
#94 = ( NAMED_UNIT(*) SI_UNIT($,.STERADIAN.) SOLID_ANGLE_UNIT() );
#95 = UNCERTAINTY_MEASURE_WITH_UNIT(LENGTH_MEASURE(2.E-05),#92,
  'distance_accuracy_value','confusion accuracy');
#96 = CONTEXT_DEPENDENT_SHAPE_REPRESENTATION(#97,#99);
#97 = ( REPRESENTATION_RELATIONSHIP('','',#36,#10) 
REPRESENTATION_RELATIONSHIP_WITH_TRANSFORMATION(#98) 
SHAPE_REPRESENTATION_RELATIONSHIP() );
#98 = ITEM_DEFINED_TRANSFORMATION('','',#11,#15);
#99 = PRODUCT_DEFINITION_SHAPE('Placement','Placement of an item',#100);
#100 = NEXT_ASSEMBLY_USAGE_OCCURRENCE('1','','',#5,#31,$);
#101 = PRODUCT_RELATED_PRODUCT_CATEGORY('part',$,(#33));
#102 = SHAPE_DEFINITION_REPRESENTATION(#103,#109);
#103 = PRODUCT_DEFINITION_SHAPE('','',#104);
#104 = PRODUCT_DEFINITION('design','',#105,#108);
#105 = PRODUCT_DEFINITION_FORMATION('','',#106);
#106 = PRODUCT('Open CASCADE STEP translator 7.8 1.2',
  'Open CASCADE STEP translator 7.8 1.2','',(#107));
#107 = PRODUCT_CONTEXT('',#2,'mechanical');
#108 = PRODUCT_DEFINITION_CONTEXT('part definition',#2,'design');
#109 = ADVANCED_BREP_SHAPE_REPRESENTATION('',(#11,#110),#2747);
#110 = MANIFOLD_SOLID_BREP('',#111);
#111 = CLOSED_SHELL('',(#112,#232,#433,#483,#537,#971,#1000,#1279,#2275,
    #2323,#2332,#2339,#2395,#2451,#2507,#2563,#2638,#2643,#2718,#2723,
    #2727,#2731,#2735,#2739,#2743));
#112 = ADVANCED_FACE('',(#113),#127,.F.);
#113 = FACE_BOUND('',#114,.F.);
#114 = EDGE_LOOP('',(#115,#150,#178,#206));
#115 = ORIENTED_EDGE('',*,*,#116,.F.);
#116 = EDGE_CURVE('',#117,#119,#121,.T.);
#117 = VERTEX_POINT('',#118);
#118 = CARTESIAN_POINT('',(-10.,-3.,22.));
#119 = VERTEX_POINT('',#120);
#120 = CARTESIAN_POINT('',(-10.,3.,22.));
#121 = SURFACE_CURVE('',#122,(#126,#138),.PCURVE_S1.);
#122 = LINE('',#123,#124);
#123 = CARTESIAN_POINT('',(-10.,-5.,22.));
#124 = VECTOR('',#125,1.);
#125 = DIRECTION('',(0.,1.,0.));
#126 = PCURVE('',#127,#132);
#127 = PLANE('',#128);
#128 = AXIS2_PLACEMENT_3D('',#129,#130,#131);
#129 = CARTESIAN_POINT('',(-10.,-5.,12.));
#130 = DIRECTION('',(1.,0.,0.));
#131 = DIRECTION('',(0.,0.,1.));
#132 = DEFINITIONAL_REPRESENTATION('',(#133),#137);
#133 = LINE('',#134,#135);
#134 = CARTESIAN_POINT('',(10.,0.));
#135 = VECTOR('',#136,1.);
#136 = DIRECTION('',(0.,-1.));
#137 = ( GEOMETRIC_REPRESENTATION_CONTEXT(2) 
PARAMETRIC_REPRESENTATION_CONTEXT() REPRESENTATION_CONTEXT('2D SPACE',''
  ) );
#138 = PCURVE('',#139,#144);
#139 = PLANE('',#140);
#140 = AXIS2_PLACEMENT_3D('',#141,#142,#143);
#141 = CARTESIAN_POINT('',(-10.,-5.,22.));
#142 = DIRECTION('',(0.,0.,1.));
#143 = DIRECTION('',(1.,0.,0.));
#144 = DEFINITIONAL_REPRESENTATION('',(#145),#149);
#145 = LINE('',#146,#147);
#146 = CARTESIAN_POINT('',(0.,0.));
#147 = VECTOR('',#148,1.);
#148 = DIRECTION('',(0.,1.));
#149 = ( GEOMETRIC_REPRESENTATION_CONTEXT(2) 
PARAMETRIC_REPRESENTATION_CONTEXT() REPRESENTATION_CONTEXT('2D SPACE',''
  ) );
#150 = ORIENTED_EDGE('',*,*,#151,.F.);
#151 = EDGE_CURVE('',#152,#117,#154,.T.);
#152 = VERTEX_POINT('',#153);
#153 = CARTESIAN_POINT('',(-10.,-3.,12.));
#154 = SURFACE_CURVE('',#155,(#159,#166),.PCURVE_S1.);
#155 = LINE('',#156,#157);
#156 = CARTESIAN_POINT('',(-10.,-3.,12.));
#157 = VECTOR('',#158,1.);
#158 = DIRECTION('',(0.,0.,1.));
#159 = PCURVE('',#127,#160);
#160 = DEFINITIONAL_REPRESENTATION('',(#161),#165);
#161 = LINE('',#162,#163);
#162 = CARTESIAN_POINT('',(0.,-2.));
#163 = VECTOR('',#164,1.);
#164 = DIRECTION('',(1.,0.));
#165 = ( GEOMETRIC_REPRESENTATION_CONTEXT(2) 
PARAMETRIC_REPRESENTATION_CONTEXT() REPRESENTATION_CONTEXT('2D SPACE',''
  ) );
#166 = PCURVE('',#167,#172);
#167 = CYLINDRICAL_SURFACE('',#168,2.);
#168 = AXIS2_PLACEMENT_3D('',#169,#170,#171);
#169 = CARTESIAN_POINT('',(-8.,-3.,12.));
#170 = DIRECTION('',(0.,0.,1.));
#171 = DIRECTION('',(-1.,-0.,0.));
#172 = DEFINITIONAL_REPRESENTATION('',(#173),#177);
#173 = LINE('',#174,#175);
#174 = CARTESIAN_POINT('',(0.,0.));
#175 = VECTOR('',#176,1.);
#176 = DIRECTION('',(0.,1.));
#177 = ( GEOMETRIC_REPRESENTATION_CONTEXT(2) 
PARAMETRIC_REPRESENTATION_CONTEXT() REPRESENTATION_CONTEXT('2D SPACE',''
  ) );
#178 = ORIENTED_EDGE('',*,*,#179,.T.);
#179 = EDGE_CURVE('',#152,#180,#182,.T.);
#180 = VERTEX_POINT('',#181);
#181 = CARTESIAN_POINT('',(-10.,3.,12.));
#182 = SURFACE_CURVE('',#183,(#187,#194),.PCURVE_S1.);
#183 = LINE('',#184,#185);
#184 = CARTESIAN_POINT('',(-10.,-5.,12.));
#185 = VECTOR('',#186,1.);
#186 = DIRECTION('',(0.,1.,0.));
#187 = PCURVE('',#127,#188);
#188 = DEFINITIONAL_REPRESENTATION('',(#189),#193);
#189 = LINE('',#190,#191);
#190 = CARTESIAN_POINT('',(0.,0.));
#191 = VECTOR('',#192,1.);
#192 = DIRECTION('',(0.,-1.));
#193 = ( GEOMETRIC_REPRESENTATION_CONTEXT(2) 
PARAMETRIC_REPRESENTATION_CONTEXT() REPRESENTATION_CONTEXT('2D SPACE',''
  ) );
#194 = PCURVE('',#195,#200);
#195 = PLANE('',#196);
#196 = AXIS2_PLACEMENT_3D('',#197,#198,#199);
#197 = CARTESIAN_POINT('',(-10.,-5.,12.));
#198 = DIRECTION('',(0.,0.,1.));
#199 = DIRECTION('',(1.,0.,0.));
#200 = DEFINITIONAL_REPRESENTATION('',(#201),#205);
#201 = LINE('',#202,#203);
#202 = CARTESIAN_POINT('',(0.,0.));
#203 = VECTOR('',#204,1.);
#204 = DIRECTION('',(0.,1.));
#205 = ( GEOMETRIC_REPRESENTATION_CONTEXT(2) 
PARAMETRIC_REPRESENTATION_CONTEXT() REPRESENTATION_CONTEXT('2D SPACE',''
  ) );
#206 = ORIENTED_EDGE('',*,*,#207,.T.);
#207 = EDGE_CURVE('',#180,#119,#208,.T.);
#208 = SURFACE_CURVE('',#209,(#213,#220),.PCURVE_S1.);
#209 = LINE('',#210,#211);
#210 = CARTESIAN_POINT('',(-10.,3.,12.));
#211 = VECTOR('',#212,1.);
#212 = DIRECTION('',(0.,0.,1.));
#213 = PCURVE('',#127,#214);
#214 = DEFINITIONAL_REPRESENTATION('',(#215),#219);
#215 = LINE('',#216,#217);
#216 = CARTESIAN_POINT('',(0.,-8.));
#217 = VECTOR('',#218,1.);
#218 = DIRECTION('',(1.,0.));
#219 = ( GEOMETRIC_REPRESENTATION_CONTEXT(2) 
PARAMETRIC_REPRESENTATION_CONTEXT() REPRESENTATION_CONTEXT('2D SPACE',''
  ) );
#220 = PCURVE('',#221,#226);
#221 = CYLINDRICAL_SURFACE('',#222,2.);
#222 = AXIS2_PLACEMENT_3D('',#223,#224,#225);
#223 = CARTESIAN_POINT('',(-8.,3.,12.));
#224 = DIRECTION('',(0.,0.,1.));
#225 = DIRECTION('',(-1.,-0.,0.));
#226 = DEFINITIONAL_REPRESENTATION('',(#227),#231);
#227 = LINE('',#228,#229);
#228 = CARTESIAN_POINT('',(-0.,0.));
#229 = VECTOR('',#230,1.);
#230 = DIRECTION('',(-0.,1.));
#231 = ( GEOMETRIC_REPRESENTATION_CONTEXT(2) 
PARAMETRIC_REPRESENTATION_CONTEXT() REPRESENTATION_CONTEXT('2D SPACE',''
  ) );
#232 = ADVANCED_FACE('',(#233),#139,.T.);
#233 = FACE_BOUND('',#234,.T.);
#234 = EDGE_LOOP('',(#235,#236,#260,#288,#321,#350,#379,#407));
#235 = ORIENTED_EDGE('',*,*,#116,.F.);
#236 = ORIENTED_EDGE('',*,*,#237,.T.);
#237 = EDGE_CURVE('',#117,#238,#240,.T.);
#238 = VERTEX_POINT('',#239);
#239 = CARTESIAN_POINT('',(-8.,-5.,22.));
#240 = SURFACE_CURVE('',#241,(#246,#253),.PCURVE_S1.);
#241 = CIRCLE('',#242,2.);
#242 = AXIS2_PLACEMENT_3D('',#243,#244,#245);
#243 = CARTESIAN_POINT('',(-8.,-3.,22.));
#244 = DIRECTION('',(0.,0.,1.));
#245 = DIRECTION('',(0.,-1.,0.));
#246 = PCURVE('',#139,#247);
#247 = DEFINITIONAL_REPRESENTATION('',(#248),#252);
#248 = CIRCLE('',#249,2.);
#249 = AXIS2_PLACEMENT_2D('',#250,#251);
#250 = CARTESIAN_POINT('',(2.,2.));
#251 = DIRECTION('',(0.,-1.));
#252 = ( GEOMETRIC_REPRESENTATION_CONTEXT(2) 
PARAMETRIC_REPRESENTATION_CONTEXT() REPRESENTATION_CONTEXT('2D SPACE',''
  ) );
#253 = PCURVE('',#167,#254);
#254 = DEFINITIONAL_REPRESENTATION('',(#255),#259);
#255 = LINE('',#256,#257);
#256 = CARTESIAN_POINT('',(-4.712388980385,10.));
#257 = VECTOR('',#258,1.);
#258 = DIRECTION('',(1.,0.));
#259 = ( GEOMETRIC_REPRESENTATION_CONTEXT(2) 
PARAMETRIC_REPRESENTATION_CONTEXT() REPRESENTATION_CONTEXT('2D SPACE',''
  ) );
#260 = ORIENTED_EDGE('',*,*,#261,.T.);
#261 = EDGE_CURVE('',#238,#262,#264,.T.);
#262 = VERTEX_POINT('',#263);
#263 = CARTESIAN_POINT('',(8.,-5.,22.));
#264 = SURFACE_CURVE('',#265,(#269,#276),.PCURVE_S1.);
#265 = LINE('',#266,#267);
#266 = CARTESIAN_POINT('',(-10.,-5.,22.));
#267 = VECTOR('',#268,1.);
#268 = DIRECTION('',(1.,0.,0.));
#269 = PCURVE('',#139,#270);
#270 = DEFINITIONAL_REPRESENTATION('',(#271),#275);
#271 = LINE('',#272,#273);
#272 = CARTESIAN_POINT('',(0.,0.));
#273 = VECTOR('',#274,1.);
#274 = DIRECTION('',(1.,0.));
#275 = ( GEOMETRIC_REPRESENTATION_CONTEXT(2) 
PARAMETRIC_REPRESENTATION_CONTEXT() REPRESENTATION_CONTEXT('2D SPACE',''
  ) );
#276 = PCURVE('',#277,#282);
#277 = PLANE('',#278);
#278 = AXIS2_PLACEMENT_3D('',#279,#280,#281);
#279 = CARTESIAN_POINT('',(-10.,-5.,12.));
#280 = DIRECTION('',(0.,1.,0.));
#281 = DIRECTION('',(0.,0.,1.));
#282 = DEFINITIONAL_REPRESENTATION('',(#283),#287);
#283 = LINE('',#284,#285);
#284 = CARTESIAN_POINT('',(10.,0.));
#285 = VECTOR('',#286,1.);
#286 = DIRECTION('',(0.,1.));
#287 = ( GEOMETRIC_REPRESENTATION_CONTEXT(2) 
PARAMETRIC_REPRESENTATION_CONTEXT() REPRESENTATION_CONTEXT('2D SPACE',''
  ) );
#288 = ORIENTED_EDGE('',*,*,#289,.F.);
#289 = EDGE_CURVE('',#290,#262,#292,.T.);
#290 = VERTEX_POINT('',#291);
#291 = CARTESIAN_POINT('',(8.703094664485,-4.872340218222,22.));
#292 = SURFACE_CURVE('',#293,(#298,#309),.PCURVE_S1.);
#293 = CIRCLE('',#294,2.);
#294 = AXIS2_PLACEMENT_3D('',#295,#296,#297);
#295 = CARTESIAN_POINT('',(8.,-3.,22.));
#296 = DIRECTION('',(-0.,-0.,-1.));
#297 = DIRECTION('',(0.,-1.,0.));
#298 = PCURVE('',#139,#299);
#299 = DEFINITIONAL_REPRESENTATION('',(#300),#308);
#300 = ( BOUNDED_CURVE() B_SPLINE_CURVE(2,(#301,#302,#303,#304,#305,#306
,#307),.UNSPECIFIED.,.T.,.F.) B_SPLINE_CURVE_WITH_KNOTS((1,2,2,2,2,1),(
    -2.094395102393,0.,2.094395102393,4.188790204786,6.28318530718,
8.377580409573),.UNSPECIFIED.) CURVE() GEOMETRIC_REPRESENTATION_ITEM() 
RATIONAL_B_SPLINE_CURVE((1.,0.5,1.,0.5,1.,0.5,1.)) REPRESENTATION_ITEM(
  '') );
#301 = CARTESIAN_POINT('',(18.,0.));
#302 = CARTESIAN_POINT('',(14.535898384862,0.));
#303 = CARTESIAN_POINT('',(16.267949192431,3.));
#304 = CARTESIAN_POINT('',(18.,6.));
#305 = CARTESIAN_POINT('',(19.732050807569,3.));
#306 = CARTESIAN_POINT('',(21.464101615138,3.10862446895E-15));
#307 = CARTESIAN_POINT('',(18.,0.));
#308 = ( GEOMETRIC_REPRESENTATION_CONTEXT(2) 
PARAMETRIC_REPRESENTATION_CONTEXT() REPRESENTATION_CONTEXT('2D SPACE',''
  ) );
#309 = PCURVE('',#310,#315);
#310 = CYLINDRICAL_SURFACE('',#311,2.);
#311 = AXIS2_PLACEMENT_3D('',#312,#313,#314);
#312 = CARTESIAN_POINT('',(8.,-3.,12.));
#313 = DIRECTION('',(0.,0.,1.));
#314 = DIRECTION('',(1.,0.,-0.));
#315 = DEFINITIONAL_REPRESENTATION('',(#316),#320);
#316 = LINE('',#317,#318);
#317 = CARTESIAN_POINT('',(4.712388980385,10.));
#318 = VECTOR('',#319,1.);
#319 = DIRECTION('',(-1.,0.));
#320 = ( GEOMETRIC_REPRESENTATION_CONTEXT(2) 
PARAMETRIC_REPRESENTATION_CONTEXT() REPRESENTATION_CONTEXT('2D SPACE',''
  ) );
#321 = ORIENTED_EDGE('',*,*,#322,.F.);
#322 = EDGE_CURVE('',#323,#290,#325,.T.);
#323 = VERTEX_POINT('',#324);
#324 = CARTESIAN_POINT('',(8.703094664485,4.872340218222,22.));
#325 = SURFACE_CURVE('',#326,(#331,#338),.PCURVE_S1.);
#326 = CIRCLE('',#327,6.837397165589);
#327 = AXIS2_PLACEMENT_3D('',#328,#329,#330);
#328 = CARTESIAN_POINT('',(13.5,0.,22.));
#329 = DIRECTION('',(0.,0.,1.));
#330 = DIRECTION('',(1.,0.,-0.));
#331 = PCURVE('',#139,#332);
#332 = DEFINITIONAL_REPRESENTATION('',(#333),#337);
#333 = CIRCLE('',#334,6.837397165589);
#334 = AXIS2_PLACEMENT_2D('',#335,#336);
#335 = CARTESIAN_POINT('',(23.5,5.));
#336 = DIRECTION('',(1.,0.));
#337 = ( GEOMETRIC_REPRESENTATION_CONTEXT(2) 
PARAMETRIC_REPRESENTATION_CONTEXT() REPRESENTATION_CONTEXT('2D SPACE',''
  ) );
#338 = PCURVE('',#339,#344);
#339 = SPHERICAL_SURFACE('',#340,7.);
#340 = AXIS2_PLACEMENT_3D('',#341,#342,#343);
#341 = CARTESIAN_POINT('',(13.5,0.,20.5));
#342 = DIRECTION('',(0.,0.,1.));
#343 = DIRECTION('',(1.,0.,0.));
#344 = DEFINITIONAL_REPRESENTATION('',(#345),#349);
#345 = LINE('',#346,#347);
#346 = CARTESIAN_POINT('',(0.,0.215960498685));
#347 = VECTOR('',#348,1.);
#348 = DIRECTION('',(1.,0.));
#349 = ( GEOMETRIC_REPRESENTATION_CONTEXT(2) 
PARAMETRIC_REPRESENTATION_CONTEXT() REPRESENTATION_CONTEXT('2D SPACE',''
  ) );
#350 = ORIENTED_EDGE('',*,*,#351,.T.);
#351 = EDGE_CURVE('',#323,#352,#354,.T.);
#352 = VERTEX_POINT('',#353);
#353 = CARTESIAN_POINT('',(8.,5.,22.));
#354 = SURFACE_CURVE('',#355,(#360,#367),.PCURVE_S1.);
#355 = CIRCLE('',#356,2.);
#356 = AXIS2_PLACEMENT_3D('',#357,#358,#359);
#357 = CARTESIAN_POINT('',(8.,3.,22.));
#358 = DIRECTION('',(0.,0.,1.));
#359 = DIRECTION('',(0.,-1.,0.));
#360 = PCURVE('',#139,#361);
#361 = DEFINITIONAL_REPRESENTATION('',(#362),#366);
#362 = CIRCLE('',#363,2.);
#363 = AXIS2_PLACEMENT_2D('',#364,#365);
#364 = CARTESIAN_POINT('',(18.,8.));
#365 = DIRECTION('',(0.,-1.));
#366 = ( GEOMETRIC_REPRESENTATION_CONTEXT(2) 
PARAMETRIC_REPRESENTATION_CONTEXT() REPRESENTATION_CONTEXT('2D SPACE',''
  ) );
#367 = PCURVE('',#368,#373);
#368 = CYLINDRICAL_SURFACE('',#369,2.);
#369 = AXIS2_PLACEMENT_3D('',#370,#371,#372);
#370 = CARTESIAN_POINT('',(8.,3.,12.));
#371 = DIRECTION('',(0.,0.,1.));
#372 = DIRECTION('',(1.,0.,-0.));
#373 = DEFINITIONAL_REPRESENTATION('',(#374),#378);
#374 = LINE('',#375,#376);
#375 = CARTESIAN_POINT('',(-1.570796326795,10.));
#376 = VECTOR('',#377,1.);
#377 = DIRECTION('',(1.,0.));
#378 = ( GEOMETRIC_REPRESENTATION_CONTEXT(2) 
PARAMETRIC_REPRESENTATION_CONTEXT() REPRESENTATION_CONTEXT('2D SPACE',''
  ) );
#379 = ORIENTED_EDGE('',*,*,#380,.F.);
#380 = EDGE_CURVE('',#381,#352,#383,.T.);
#381 = VERTEX_POINT('',#382);
#382 = CARTESIAN_POINT('',(-8.,5.,22.));
#383 = SURFACE_CURVE('',#384,(#388,#395),.PCURVE_S1.);
#384 = LINE('',#385,#386);
#385 = CARTESIAN_POINT('',(-10.,5.,22.));
#386 = VECTOR('',#387,1.);
#387 = DIRECTION('',(1.,0.,0.));
#388 = PCURVE('',#139,#389);
#389 = DEFINITIONAL_REPRESENTATION('',(#390),#394);
#390 = LINE('',#391,#392);
#391 = CARTESIAN_POINT('',(0.,10.));
#392 = VECTOR('',#393,1.);
#393 = DIRECTION('',(1.,0.));
#394 = ( GEOMETRIC_REPRESENTATION_CONTEXT(2) 
PARAMETRIC_REPRESENTATION_CONTEXT() REPRESENTATION_CONTEXT('2D SPACE',''
  ) );
#395 = PCURVE('',#396,#401);
#396 = PLANE('',#397);
#397 = AXIS2_PLACEMENT_3D('',#398,#399,#400);
#398 = CARTESIAN_POINT('',(-10.,5.,12.));
#399 = DIRECTION('',(0.,1.,0.));
#400 = DIRECTION('',(0.,0.,1.));
#401 = DEFINITIONAL_REPRESENTATION('',(#402),#406);
#402 = LINE('',#403,#404);
#403 = CARTESIAN_POINT('',(10.,0.));
#404 = VECTOR('',#405,1.);
#405 = DIRECTION('',(0.,1.));
#406 = ( GEOMETRIC_REPRESENTATION_CONTEXT(2) 
PARAMETRIC_REPRESENTATION_CONTEXT() REPRESENTATION_CONTEXT('2D SPACE',''
  ) );
#407 = ORIENTED_EDGE('',*,*,#408,.F.);
#408 = EDGE_CURVE('',#119,#381,#409,.T.);
#409 = SURFACE_CURVE('',#410,(#415,#426),.PCURVE_S1.);
#410 = CIRCLE('',#411,2.);
#411 = AXIS2_PLACEMENT_3D('',#412,#413,#414);
#412 = CARTESIAN_POINT('',(-8.,3.,22.));
#413 = DIRECTION('',(-0.,-0.,-1.));
#414 = DIRECTION('',(0.,-1.,0.));
#415 = PCURVE('',#139,#416);
#416 = DEFINITIONAL_REPRESENTATION('',(#417),#425);
#417 = ( BOUNDED_CURVE() B_SPLINE_CURVE(2,(#418,#419,#420,#421,#422,#423
,#424),.UNSPECIFIED.,.T.,.F.) B_SPLINE_CURVE_WITH_KNOTS((1,2,2,2,2,1),(
    -2.094395102393,0.,2.094395102393,4.188790204786,6.28318530718,
8.377580409573),.UNSPECIFIED.) CURVE() GEOMETRIC_REPRESENTATION_ITEM() 
RATIONAL_B_SPLINE_CURVE((1.,0.5,1.,0.5,1.,0.5,1.)) REPRESENTATION_ITEM(
  '') );
#418 = CARTESIAN_POINT('',(2.,6.));
#419 = CARTESIAN_POINT('',(-1.464101615138,6.));
#420 = CARTESIAN_POINT('',(0.267949192431,9.));
#421 = CARTESIAN_POINT('',(2.,12.));
#422 = CARTESIAN_POINT('',(3.732050807569,9.));
#423 = CARTESIAN_POINT('',(5.464101615138,6.));
#424 = CARTESIAN_POINT('',(2.,6.));
#425 = ( GEOMETRIC_REPRESENTATION_CONTEXT(2) 
PARAMETRIC_REPRESENTATION_CONTEXT() REPRESENTATION_CONTEXT('2D SPACE',''
  ) );
#426 = PCURVE('',#221,#427);
#427 = DEFINITIONAL_REPRESENTATION('',(#428),#432);
#428 = LINE('',#429,#430);
#429 = CARTESIAN_POINT('',(1.570796326795,10.));
#430 = VECTOR('',#431,1.);
#431 = DIRECTION('',(-1.,0.));
#432 = ( GEOMETRIC_REPRESENTATION_CONTEXT(2) 
PARAMETRIC_REPRESENTATION_CONTEXT() REPRESENTATION_CONTEXT('2D SPACE',''
  ) );
#433 = ADVANCED_FACE('',(#434),#167,.T.);
#434 = FACE_BOUND('',#435,.T.);
#435 = EDGE_LOOP('',(#436,#460,#481,#482));
#436 = ORIENTED_EDGE('',*,*,#437,.T.);
#437 = EDGE_CURVE('',#152,#438,#440,.T.);
#438 = VERTEX_POINT('',#439);
#439 = CARTESIAN_POINT('',(-8.,-5.,12.));
#440 = SURFACE_CURVE('',#441,(#446,#453),.PCURVE_S1.);
#441 = CIRCLE('',#442,2.);
#442 = AXIS2_PLACEMENT_3D('',#443,#444,#445);
#443 = CARTESIAN_POINT('',(-8.,-3.,12.));
#444 = DIRECTION('',(0.,0.,1.));
#445 = DIRECTION('',(0.,-1.,0.));
#446 = PCURVE('',#167,#447);
#447 = DEFINITIONAL_REPRESENTATION('',(#448),#452);
#448 = LINE('',#449,#450);
#449 = CARTESIAN_POINT('',(-4.712388980385,0.));
#450 = VECTOR('',#451,1.);
#451 = DIRECTION('',(1.,0.));
#452 = ( GEOMETRIC_REPRESENTATION_CONTEXT(2) 
PARAMETRIC_REPRESENTATION_CONTEXT() REPRESENTATION_CONTEXT('2D SPACE',''
  ) );
#453 = PCURVE('',#195,#454);
#454 = DEFINITIONAL_REPRESENTATION('',(#455),#459);
#455 = CIRCLE('',#456,2.);
#456 = AXIS2_PLACEMENT_2D('',#457,#458);
#457 = CARTESIAN_POINT('',(2.,2.));
#458 = DIRECTION('',(0.,-1.));
#459 = ( GEOMETRIC_REPRESENTATION_CONTEXT(2) 
PARAMETRIC_REPRESENTATION_CONTEXT() REPRESENTATION_CONTEXT('2D SPACE',''
  ) );
#460 = ORIENTED_EDGE('',*,*,#461,.T.);
#461 = EDGE_CURVE('',#438,#238,#462,.T.);
#462 = SURFACE_CURVE('',#463,(#467,#474),.PCURVE_S1.);
#463 = LINE('',#464,#465);
#464 = CARTESIAN_POINT('',(-8.,-5.,12.));
#465 = VECTOR('',#466,1.);
#466 = DIRECTION('',(0.,0.,1.));
#467 = PCURVE('',#167,#468);
#468 = DEFINITIONAL_REPRESENTATION('',(#469),#473);
#469 = LINE('',#470,#471);
#470 = CARTESIAN_POINT('',(1.570796326795,0.));
#471 = VECTOR('',#472,1.);
#472 = DIRECTION('',(0.,1.));
#473 = ( GEOMETRIC_REPRESENTATION_CONTEXT(2) 
PARAMETRIC_REPRESENTATION_CONTEXT() REPRESENTATION_CONTEXT('2D SPACE',''
  ) );
#474 = PCURVE('',#277,#475);
#475 = DEFINITIONAL_REPRESENTATION('',(#476),#480);
#476 = LINE('',#477,#478);
#477 = CARTESIAN_POINT('',(0.,2.));
#478 = VECTOR('',#479,1.);
#479 = DIRECTION('',(1.,0.));
#480 = ( GEOMETRIC_REPRESENTATION_CONTEXT(2) 
PARAMETRIC_REPRESENTATION_CONTEXT() REPRESENTATION_CONTEXT('2D SPACE',''
  ) );
#481 = ORIENTED_EDGE('',*,*,#237,.F.);
#482 = ORIENTED_EDGE('',*,*,#151,.F.);
#483 = ADVANCED_FACE('',(#484),#221,.T.);
#484 = FACE_BOUND('',#485,.F.);
#485 = EDGE_LOOP('',(#486,#514,#535,#536));
#486 = ORIENTED_EDGE('',*,*,#487,.T.);
#487 = EDGE_CURVE('',#180,#488,#490,.T.);
#488 = VERTEX_POINT('',#489);
#489 = CARTESIAN_POINT('',(-8.,5.,12.));
#490 = SURFACE_CURVE('',#491,(#496,#503),.PCURVE_S1.);
#491 = CIRCLE('',#492,2.);
#492 = AXIS2_PLACEMENT_3D('',#493,#494,#495);
#493 = CARTESIAN_POINT('',(-8.,3.,12.));
#494 = DIRECTION('',(-0.,-0.,-1.));
#495 = DIRECTION('',(0.,-1.,0.));
#496 = PCURVE('',#221,#497);
#497 = DEFINITIONAL_REPRESENTATION('',(#498),#502);
#498 = LINE('',#499,#500);
#499 = CARTESIAN_POINT('',(1.570796326795,-0.));
#500 = VECTOR('',#501,1.);
#501 = DIRECTION('',(-1.,0.));
#502 = ( GEOMETRIC_REPRESENTATION_CONTEXT(2) 
PARAMETRIC_REPRESENTATION_CONTEXT() REPRESENTATION_CONTEXT('2D SPACE',''
  ) );
#503 = PCURVE('',#195,#504);
#504 = DEFINITIONAL_REPRESENTATION('',(#505),#513);
#505 = ( BOUNDED_CURVE() B_SPLINE_CURVE(2,(#506,#507,#508,#509,#510,#511
,#512),.UNSPECIFIED.,.T.,.F.) B_SPLINE_CURVE_WITH_KNOTS((1,2,2,2,2,1),(
    -2.094395102393,0.,2.094395102393,4.188790204786,6.28318530718,
8.377580409573),.UNSPECIFIED.) CURVE() GEOMETRIC_REPRESENTATION_ITEM() 
RATIONAL_B_SPLINE_CURVE((1.,0.5,1.,0.5,1.,0.5,1.)) REPRESENTATION_ITEM(
  '') );
#506 = CARTESIAN_POINT('',(2.,6.));
#507 = CARTESIAN_POINT('',(-1.464101615138,6.));
#508 = CARTESIAN_POINT('',(0.267949192431,9.));
#509 = CARTESIAN_POINT('',(2.,12.));
#510 = CARTESIAN_POINT('',(3.732050807569,9.));
#511 = CARTESIAN_POINT('',(5.464101615138,6.));
#512 = CARTESIAN_POINT('',(2.,6.));
#513 = ( GEOMETRIC_REPRESENTATION_CONTEXT(2) 
PARAMETRIC_REPRESENTATION_CONTEXT() REPRESENTATION_CONTEXT('2D SPACE',''
  ) );
#514 = ORIENTED_EDGE('',*,*,#515,.T.);
#515 = EDGE_CURVE('',#488,#381,#516,.T.);
#516 = SURFACE_CURVE('',#517,(#521,#528),.PCURVE_S1.);
#517 = LINE('',#518,#519);
#518 = CARTESIAN_POINT('',(-8.,5.,12.));
#519 = VECTOR('',#520,1.);
#520 = DIRECTION('',(0.,0.,1.));
#521 = PCURVE('',#221,#522);
#522 = DEFINITIONAL_REPRESENTATION('',(#523),#527);
#523 = LINE('',#524,#525);
#524 = CARTESIAN_POINT('',(-1.570796326795,0.));
#525 = VECTOR('',#526,1.);
#526 = DIRECTION('',(-0.,1.));
#527 = ( GEOMETRIC_REPRESENTATION_CONTEXT(2) 
PARAMETRIC_REPRESENTATION_CONTEXT() REPRESENTATION_CONTEXT('2D SPACE',''
  ) );
#528 = PCURVE('',#396,#529);
#529 = DEFINITIONAL_REPRESENTATION('',(#530),#534);
#530 = LINE('',#531,#532);
#531 = CARTESIAN_POINT('',(0.,2.));
#532 = VECTOR('',#533,1.);
#533 = DIRECTION('',(1.,0.));
#534 = ( GEOMETRIC_REPRESENTATION_CONTEXT(2) 
PARAMETRIC_REPRESENTATION_CONTEXT() REPRESENTATION_CONTEXT('2D SPACE',''
  ) );
#535 = ORIENTED_EDGE('',*,*,#408,.F.);
#536 = ORIENTED_EDGE('',*,*,#207,.F.);
#537 = ADVANCED_FACE('',(#538,#759,#812,#865,#918),#195,.F.);
#538 = FACE_BOUND('',#539,.F.);
#539 = EDGE_LOOP('',(#540,#541,#542,#565,#588,#611,#639,#667,#691,#714,
    #737,#758));
#540 = ORIENTED_EDGE('',*,*,#179,.F.);
#541 = ORIENTED_EDGE('',*,*,#437,.T.);
#542 = ORIENTED_EDGE('',*,*,#543,.T.);
#543 = EDGE_CURVE('',#438,#544,#546,.T.);
#544 = VERTEX_POINT('',#545);
#545 = CARTESIAN_POINT('',(-6.,-5.,12.));
#546 = SURFACE_CURVE('',#547,(#551,#558),.PCURVE_S1.);
#547 = LINE('',#548,#549);
#548 = CARTESIAN_POINT('',(-10.,-5.,12.));
#549 = VECTOR('',#550,1.);
#550 = DIRECTION('',(1.,0.,0.));
#551 = PCURVE('',#195,#552);
#552 = DEFINITIONAL_REPRESENTATION('',(#553),#557);
#553 = LINE('',#554,#555);
#554 = CARTESIAN_POINT('',(0.,0.));
#555 = VECTOR('',#556,1.);
#556 = DIRECTION('',(1.,0.));
#557 = ( GEOMETRIC_REPRESENTATION_CONTEXT(2) 
PARAMETRIC_REPRESENTATION_CONTEXT() REPRESENTATION_CONTEXT('2D SPACE',''
  ) );
#558 = PCURVE('',#277,#559);
#559 = DEFINITIONAL_REPRESENTATION('',(#560),#564);
#560 = LINE('',#561,#562);
#561 = CARTESIAN_POINT('',(0.,0.));
#562 = VECTOR('',#563,1.);
#563 = DIRECTION('',(0.,1.));
#564 = ( GEOMETRIC_REPRESENTATION_CONTEXT(2) 
PARAMETRIC_REPRESENTATION_CONTEXT() REPRESENTATION_CONTEXT('2D SPACE',''
  ) );
#565 = ORIENTED_EDGE('',*,*,#566,.T.);
#566 = EDGE_CURVE('',#544,#567,#569,.T.);
#567 = VERTEX_POINT('',#568);
#568 = CARTESIAN_POINT('',(6.,-5.,12.));
#569 = SURFACE_CURVE('',#570,(#574,#581),.PCURVE_S1.);
#570 = LINE('',#571,#572);
#571 = CARTESIAN_POINT('',(-10.,-5.,12.));
#572 = VECTOR('',#573,1.);
#573 = DIRECTION('',(1.,0.,0.));
#574 = PCURVE('',#195,#575);
#575 = DEFINITIONAL_REPRESENTATION('',(#576),#580);
#576 = LINE('',#577,#578);
#577 = CARTESIAN_POINT('',(0.,0.));
#578 = VECTOR('',#579,1.);
#579 = DIRECTION('',(1.,0.));
#580 = ( GEOMETRIC_REPRESENTATION_CONTEXT(2) 
PARAMETRIC_REPRESENTATION_CONTEXT() REPRESENTATION_CONTEXT('2D SPACE',''
  ) );
#581 = PCURVE('',#277,#582);
#582 = DEFINITIONAL_REPRESENTATION('',(#583),#587);
#583 = LINE('',#584,#585);
#584 = CARTESIAN_POINT('',(0.,0.));
#585 = VECTOR('',#586,1.);
#586 = DIRECTION('',(0.,1.));
#587 = ( GEOMETRIC_REPRESENTATION_CONTEXT(2) 
PARAMETRIC_REPRESENTATION_CONTEXT() REPRESENTATION_CONTEXT('2D SPACE',''
  ) );
#588 = ORIENTED_EDGE('',*,*,#589,.T.);
#589 = EDGE_CURVE('',#567,#590,#592,.T.);
#590 = VERTEX_POINT('',#591);
#591 = CARTESIAN_POINT('',(8.,-5.,12.));
#592 = SURFACE_CURVE('',#593,(#597,#604),.PCURVE_S1.);
#593 = LINE('',#594,#595);
#594 = CARTESIAN_POINT('',(-10.,-5.,12.));
#595 = VECTOR('',#596,1.);
#596 = DIRECTION('',(1.,0.,0.));
#597 = PCURVE('',#195,#598);
#598 = DEFINITIONAL_REPRESENTATION('',(#599),#603);
#599 = LINE('',#600,#601);
#600 = CARTESIAN_POINT('',(0.,0.));
#601 = VECTOR('',#602,1.);
#602 = DIRECTION('',(1.,0.));
#603 = ( GEOMETRIC_REPRESENTATION_CONTEXT(2) 
PARAMETRIC_REPRESENTATION_CONTEXT() REPRESENTATION_CONTEXT('2D SPACE',''
  ) );
#604 = PCURVE('',#277,#605);
#605 = DEFINITIONAL_REPRESENTATION('',(#606),#610);
#606 = LINE('',#607,#608);
#607 = CARTESIAN_POINT('',(0.,0.));
#608 = VECTOR('',#609,1.);
#609 = DIRECTION('',(0.,1.));
#610 = ( GEOMETRIC_REPRESENTATION_CONTEXT(2) 
PARAMETRIC_REPRESENTATION_CONTEXT() REPRESENTATION_CONTEXT('2D SPACE',''
  ) );
#611 = ORIENTED_EDGE('',*,*,#612,.F.);
#612 = EDGE_CURVE('',#613,#590,#615,.T.);
#613 = VERTEX_POINT('',#614);
#614 = CARTESIAN_POINT('',(10.,-3.,12.));
#615 = SURFACE_CURVE('',#616,(#621,#632),.PCURVE_S1.);
#616 = CIRCLE('',#617,2.);
#617 = AXIS2_PLACEMENT_3D('',#618,#619,#620);
#618 = CARTESIAN_POINT('',(8.,-3.,12.));
#619 = DIRECTION('',(-0.,-0.,-1.));
#620 = DIRECTION('',(0.,-1.,0.));
#621 = PCURVE('',#195,#622);
#622 = DEFINITIONAL_REPRESENTATION('',(#623),#631);
#623 = ( BOUNDED_CURVE() B_SPLINE_CURVE(2,(#624,#625,#626,#627,#628,#629
,#630),.UNSPECIFIED.,.T.,.F.) B_SPLINE_CURVE_WITH_KNOTS((1,2,2,2,2,1),(
    -2.094395102393,0.,2.094395102393,4.188790204786,6.28318530718,
8.377580409573),.UNSPECIFIED.) CURVE() GEOMETRIC_REPRESENTATION_ITEM() 
RATIONAL_B_SPLINE_CURVE((1.,0.5,1.,0.5,1.,0.5,1.)) REPRESENTATION_ITEM(
  '') );
#624 = CARTESIAN_POINT('',(18.,0.));
#625 = CARTESIAN_POINT('',(14.535898384862,0.));
#626 = CARTESIAN_POINT('',(16.267949192431,3.));
#627 = CARTESIAN_POINT('',(18.,6.));
#628 = CARTESIAN_POINT('',(19.732050807569,3.));
#629 = CARTESIAN_POINT('',(21.464101615138,3.10862446895E-15));
#630 = CARTESIAN_POINT('',(18.,0.));
#631 = ( GEOMETRIC_REPRESENTATION_CONTEXT(2) 
PARAMETRIC_REPRESENTATION_CONTEXT() REPRESENTATION_CONTEXT('2D SPACE',''
  ) );
#632 = PCURVE('',#310,#633);
#633 = DEFINITIONAL_REPRESENTATION('',(#634),#638);
#634 = LINE('',#635,#636);
#635 = CARTESIAN_POINT('',(4.712388980385,-0.));
#636 = VECTOR('',#637,1.);
#637 = DIRECTION('',(-1.,0.));
#638 = ( GEOMETRIC_REPRESENTATION_CONTEXT(2) 
PARAMETRIC_REPRESENTATION_CONTEXT() REPRESENTATION_CONTEXT('2D SPACE',''
  ) );
#639 = ORIENTED_EDGE('',*,*,#640,.T.);
#640 = EDGE_CURVE('',#613,#641,#643,.T.);
#641 = VERTEX_POINT('',#642);
#642 = CARTESIAN_POINT('',(10.,3.,12.));
#643 = SURFACE_CURVE('',#644,(#648,#655),.PCURVE_S1.);
#644 = LINE('',#645,#646);
#645 = CARTESIAN_POINT('',(10.,-5.,12.));
#646 = VECTOR('',#647,1.);
#647 = DIRECTION('',(0.,1.,0.));
#648 = PCURVE('',#195,#649);
#649 = DEFINITIONAL_REPRESENTATION('',(#650),#654);
#650 = LINE('',#651,#652);
#651 = CARTESIAN_POINT('',(20.,0.));
#652 = VECTOR('',#653,1.);
#653 = DIRECTION('',(0.,1.));
#654 = ( GEOMETRIC_REPRESENTATION_CONTEXT(2) 
PARAMETRIC_REPRESENTATION_CONTEXT() REPRESENTATION_CONTEXT('2D SPACE',''
  ) );
#655 = PCURVE('',#656,#661);
#656 = PLANE('',#657);
#657 = AXIS2_PLACEMENT_3D('',#658,#659,#660);
#658 = CARTESIAN_POINT('',(10.,-5.,12.));
#659 = DIRECTION('',(1.,0.,0.));
#660 = DIRECTION('',(0.,0.,1.));
#661 = DEFINITIONAL_REPRESENTATION('',(#662),#666);
#662 = LINE('',#663,#664);
#663 = CARTESIAN_POINT('',(0.,0.));
#664 = VECTOR('',#665,1.);
#665 = DIRECTION('',(0.,-1.));
#666 = ( GEOMETRIC_REPRESENTATION_CONTEXT(2) 
PARAMETRIC_REPRESENTATION_CONTEXT() REPRESENTATION_CONTEXT('2D SPACE',''
  ) );
#667 = ORIENTED_EDGE('',*,*,#668,.T.);
#668 = EDGE_CURVE('',#641,#669,#671,.T.);
#669 = VERTEX_POINT('',#670);
#670 = CARTESIAN_POINT('',(8.,5.,12.));
#671 = SURFACE_CURVE('',#672,(#677,#684),.PCURVE_S1.);
#672 = CIRCLE('',#673,2.);
#673 = AXIS2_PLACEMENT_3D('',#674,#675,#676);
#674 = CARTESIAN_POINT('',(8.,3.,12.));
#675 = DIRECTION('',(0.,0.,1.));
#676 = DIRECTION('',(0.,-1.,0.));
#677 = PCURVE('',#195,#678);
#678 = DEFINITIONAL_REPRESENTATION('',(#679),#683);
#679 = CIRCLE('',#680,2.);
#680 = AXIS2_PLACEMENT_2D('',#681,#682);
#681 = CARTESIAN_POINT('',(18.,8.));
#682 = DIRECTION('',(0.,-1.));
#683 = ( GEOMETRIC_REPRESENTATION_CONTEXT(2) 
PARAMETRIC_REPRESENTATION_CONTEXT() REPRESENTATION_CONTEXT('2D SPACE',''
  ) );
#684 = PCURVE('',#368,#685);
#685 = DEFINITIONAL_REPRESENTATION('',(#686),#690);
#686 = LINE('',#687,#688);
#687 = CARTESIAN_POINT('',(-1.570796326795,0.));
#688 = VECTOR('',#689,1.);
#689 = DIRECTION('',(1.,0.));
#690 = ( GEOMETRIC_REPRESENTATION_CONTEXT(2) 
PARAMETRIC_REPRESENTATION_CONTEXT() REPRESENTATION_CONTEXT('2D SPACE',''
  ) );
#691 = ORIENTED_EDGE('',*,*,#692,.F.);
#692 = EDGE_CURVE('',#693,#669,#695,.T.);
#693 = VERTEX_POINT('',#694);
#694 = CARTESIAN_POINT('',(6.,5.,12.));
#695 = SURFACE_CURVE('',#696,(#700,#707),.PCURVE_S1.);
#696 = LINE('',#697,#698);
#697 = CARTESIAN_POINT('',(-10.,5.,12.));
#698 = VECTOR('',#699,1.);
#699 = DIRECTION('',(1.,0.,0.));
#700 = PCURVE('',#195,#701);
#701 = DEFINITIONAL_REPRESENTATION('',(#702),#706);
#702 = LINE('',#703,#704);
#703 = CARTESIAN_POINT('',(0.,10.));
#704 = VECTOR('',#705,1.);
#705 = DIRECTION('',(1.,0.));
#706 = ( GEOMETRIC_REPRESENTATION_CONTEXT(2) 
PARAMETRIC_REPRESENTATION_CONTEXT() REPRESENTATION_CONTEXT('2D SPACE',''
  ) );
#707 = PCURVE('',#396,#708);
#708 = DEFINITIONAL_REPRESENTATION('',(#709),#713);
#709 = LINE('',#710,#711);
#710 = CARTESIAN_POINT('',(0.,0.));
#711 = VECTOR('',#712,1.);
#712 = DIRECTION('',(0.,1.));
#713 = ( GEOMETRIC_REPRESENTATION_CONTEXT(2) 
PARAMETRIC_REPRESENTATION_CONTEXT() REPRESENTATION_CONTEXT('2D SPACE',''
  ) );
#714 = ORIENTED_EDGE('',*,*,#715,.F.);
#715 = EDGE_CURVE('',#716,#693,#718,.T.);
#716 = VERTEX_POINT('',#717);
#717 = CARTESIAN_POINT('',(-6.,5.,12.));
#718 = SURFACE_CURVE('',#719,(#723,#730),.PCURVE_S1.);
#719 = LINE('',#720,#721);
#720 = CARTESIAN_POINT('',(-10.,5.,12.));
#721 = VECTOR('',#722,1.);
#722 = DIRECTION('',(1.,0.,0.));
#723 = PCURVE('',#195,#724);
#724 = DEFINITIONAL_REPRESENTATION('',(#725),#729);
#725 = LINE('',#726,#727);
#726 = CARTESIAN_POINT('',(0.,10.));
#727 = VECTOR('',#728,1.);
#728 = DIRECTION('',(1.,0.));
#729 = ( GEOMETRIC_REPRESENTATION_CONTEXT(2) 
PARAMETRIC_REPRESENTATION_CONTEXT() REPRESENTATION_CONTEXT('2D SPACE',''
  ) );
#730 = PCURVE('',#396,#731);
#731 = DEFINITIONAL_REPRESENTATION('',(#732),#736);
#732 = LINE('',#733,#734);
#733 = CARTESIAN_POINT('',(0.,0.));
#734 = VECTOR('',#735,1.);
#735 = DIRECTION('',(0.,1.));
#736 = ( GEOMETRIC_REPRESENTATION_CONTEXT(2) 
PARAMETRIC_REPRESENTATION_CONTEXT() REPRESENTATION_CONTEXT('2D SPACE',''
  ) );
#737 = ORIENTED_EDGE('',*,*,#738,.F.);
#738 = EDGE_CURVE('',#488,#716,#739,.T.);
#739 = SURFACE_CURVE('',#740,(#744,#751),.PCURVE_S1.);
#740 = LINE('',#741,#742);
#741 = CARTESIAN_POINT('',(-10.,5.,12.));
#742 = VECTOR('',#743,1.);
#743 = DIRECTION('',(1.,0.,0.));
#744 = PCURVE('',#195,#745);
#745 = DEFINITIONAL_REPRESENTATION('',(#746),#750);
#746 = LINE('',#747,#748);
#747 = CARTESIAN_POINT('',(0.,10.));
#748 = VECTOR('',#749,1.);
#749 = DIRECTION('',(1.,0.));
#750 = ( GEOMETRIC_REPRESENTATION_CONTEXT(2) 
PARAMETRIC_REPRESENTATION_CONTEXT() REPRESENTATION_CONTEXT('2D SPACE',''
  ) );
#751 = PCURVE('',#396,#752);
#752 = DEFINITIONAL_REPRESENTATION('',(#753),#757);
#753 = LINE('',#754,#755);
#754 = CARTESIAN_POINT('',(0.,0.));
#755 = VECTOR('',#756,1.);
#756 = DIRECTION('',(0.,1.));
#757 = ( GEOMETRIC_REPRESENTATION_CONTEXT(2) 
PARAMETRIC_REPRESENTATION_CONTEXT() REPRESENTATION_CONTEXT('2D SPACE',''
  ) );
#758 = ORIENTED_EDGE('',*,*,#487,.F.);
#759 = FACE_BOUND('',#760,.F.);
#760 = EDGE_LOOP('',(#761,#790));
#761 = ORIENTED_EDGE('',*,*,#762,.F.);
#762 = EDGE_CURVE('',#544,#763,#765,.T.);
#763 = VERTEX_POINT('',#764);
#764 = CARTESIAN_POINT('',(-4.,-3.,12.));
#765 = SURFACE_CURVE('',#766,(#771,#778),.PCURVE_S1.);
#766 = CIRCLE('',#767,2.);
#767 = AXIS2_PLACEMENT_3D('',#768,#769,#770);
#768 = CARTESIAN_POINT('',(-6.,-3.,12.));
#769 = DIRECTION('',(0.,0.,1.));
#770 = DIRECTION('',(1.,0.,0.));
#771 = PCURVE('',#195,#772);
#772 = DEFINITIONAL_REPRESENTATION('',(#773),#777);
#773 = CIRCLE('',#774,2.);
#774 = AXIS2_PLACEMENT_2D('',#775,#776);
#775 = CARTESIAN_POINT('',(4.,2.));
#776 = DIRECTION('',(1.,0.));
#777 = ( GEOMETRIC_REPRESENTATION_CONTEXT(2) 
PARAMETRIC_REPRESENTATION_CONTEXT() REPRESENTATION_CONTEXT('2D SPACE',''
  ) );
#778 = PCURVE('',#779,#784);
#779 = CYLINDRICAL_SURFACE('',#780,2.);
#780 = AXIS2_PLACEMENT_3D('',#781,#782,#783);
#781 = CARTESIAN_POINT('',(-6.,-3.,0.));
#782 = DIRECTION('',(-0.,-0.,-1.));
#783 = DIRECTION('',(1.,0.,0.));
#784 = DEFINITIONAL_REPRESENTATION('',(#785),#789);
#785 = LINE('',#786,#787);
#786 = CARTESIAN_POINT('',(-0.,-12.));
#787 = VECTOR('',#788,1.);
#788 = DIRECTION('',(-1.,0.));
#789 = ( GEOMETRIC_REPRESENTATION_CONTEXT(2) 
PARAMETRIC_REPRESENTATION_CONTEXT() REPRESENTATION_CONTEXT('2D SPACE',''
  ) );
#790 = ORIENTED_EDGE('',*,*,#791,.F.);
#791 = EDGE_CURVE('',#763,#544,#792,.T.);
#792 = SURFACE_CURVE('',#793,(#798,#805),.PCURVE_S1.);
#793 = CIRCLE('',#794,2.);
#794 = AXIS2_PLACEMENT_3D('',#795,#796,#797);
#795 = CARTESIAN_POINT('',(-6.,-3.,12.));
#796 = DIRECTION('',(0.,0.,1.));
#797 = DIRECTION('',(1.,0.,0.));
#798 = PCURVE('',#195,#799);
#799 = DEFINITIONAL_REPRESENTATION('',(#800),#804);
#800 = CIRCLE('',#801,2.);
#801 = AXIS2_PLACEMENT_2D('',#802,#803);
#802 = CARTESIAN_POINT('',(4.,2.));
#803 = DIRECTION('',(1.,0.));
#804 = ( GEOMETRIC_REPRESENTATION_CONTEXT(2) 
PARAMETRIC_REPRESENTATION_CONTEXT() REPRESENTATION_CONTEXT('2D SPACE',''
  ) );
#805 = PCURVE('',#779,#806);
#806 = DEFINITIONAL_REPRESENTATION('',(#807),#811);
#807 = LINE('',#808,#809);
#808 = CARTESIAN_POINT('',(-0.,-12.));
#809 = VECTOR('',#810,1.);
#810 = DIRECTION('',(-1.,0.));
#811 = ( GEOMETRIC_REPRESENTATION_CONTEXT(2) 
PARAMETRIC_REPRESENTATION_CONTEXT() REPRESENTATION_CONTEXT('2D SPACE',''
  ) );
#812 = FACE_BOUND('',#813,.F.);
#813 = EDGE_LOOP('',(#814,#843));
#814 = ORIENTED_EDGE('',*,*,#815,.F.);
#815 = EDGE_CURVE('',#567,#816,#818,.T.);
#816 = VERTEX_POINT('',#817);
#817 = CARTESIAN_POINT('',(8.,-3.,12.));
#818 = SURFACE_CURVE('',#819,(#824,#831),.PCURVE_S1.);
#819 = CIRCLE('',#820,2.);
#820 = AXIS2_PLACEMENT_3D('',#821,#822,#823);
#821 = CARTESIAN_POINT('',(6.,-3.,12.));
#822 = DIRECTION('',(0.,0.,1.));
#823 = DIRECTION('',(1.,0.,0.));
#824 = PCURVE('',#195,#825);
#825 = DEFINITIONAL_REPRESENTATION('',(#826),#830);
#826 = CIRCLE('',#827,2.);
#827 = AXIS2_PLACEMENT_2D('',#828,#829);
#828 = CARTESIAN_POINT('',(16.,2.));
#829 = DIRECTION('',(1.,0.));
#830 = ( GEOMETRIC_REPRESENTATION_CONTEXT(2) 
PARAMETRIC_REPRESENTATION_CONTEXT() REPRESENTATION_CONTEXT('2D SPACE',''
  ) );
#831 = PCURVE('',#832,#837);
#832 = CYLINDRICAL_SURFACE('',#833,2.);
#833 = AXIS2_PLACEMENT_3D('',#834,#835,#836);
#834 = CARTESIAN_POINT('',(6.,-3.,0.));
#835 = DIRECTION('',(-0.,-0.,-1.));
#836 = DIRECTION('',(1.,0.,0.));
#837 = DEFINITIONAL_REPRESENTATION('',(#838),#842);
#838 = LINE('',#839,#840);
#839 = CARTESIAN_POINT('',(-0.,-12.));
#840 = VECTOR('',#841,1.);
#841 = DIRECTION('',(-1.,0.));
#842 = ( GEOMETRIC_REPRESENTATION_CONTEXT(2) 
PARAMETRIC_REPRESENTATION_CONTEXT() REPRESENTATION_CONTEXT('2D SPACE',''
  ) );
#843 = ORIENTED_EDGE('',*,*,#844,.F.);
#844 = EDGE_CURVE('',#816,#567,#845,.T.);
#845 = SURFACE_CURVE('',#846,(#851,#858),.PCURVE_S1.);
#846 = CIRCLE('',#847,2.);
#847 = AXIS2_PLACEMENT_3D('',#848,#849,#850);
#848 = CARTESIAN_POINT('',(6.,-3.,12.));
#849 = DIRECTION('',(0.,0.,1.));
#850 = DIRECTION('',(1.,0.,0.));
#851 = PCURVE('',#195,#852);
#852 = DEFINITIONAL_REPRESENTATION('',(#853),#857);
#853 = CIRCLE('',#854,2.);
#854 = AXIS2_PLACEMENT_2D('',#855,#856);
#855 = CARTESIAN_POINT('',(16.,2.));
#856 = DIRECTION('',(1.,0.));
#857 = ( GEOMETRIC_REPRESENTATION_CONTEXT(2) 
PARAMETRIC_REPRESENTATION_CONTEXT() REPRESENTATION_CONTEXT('2D SPACE',''
  ) );
#858 = PCURVE('',#832,#859);
#859 = DEFINITIONAL_REPRESENTATION('',(#860),#864);
#860 = LINE('',#861,#862);
#861 = CARTESIAN_POINT('',(-0.,-12.));
#862 = VECTOR('',#863,1.);
#863 = DIRECTION('',(-1.,0.));
#864 = ( GEOMETRIC_REPRESENTATION_CONTEXT(2) 
PARAMETRIC_REPRESENTATION_CONTEXT() REPRESENTATION_CONTEXT('2D SPACE',''
  ) );
#865 = FACE_BOUND('',#866,.F.);
#866 = EDGE_LOOP('',(#867,#896));
#867 = ORIENTED_EDGE('',*,*,#868,.F.);
#868 = EDGE_CURVE('',#716,#869,#871,.T.);
#869 = VERTEX_POINT('',#870);
#870 = CARTESIAN_POINT('',(-4.,3.,12.));
#871 = SURFACE_CURVE('',#872,(#877,#884),.PCURVE_S1.);
#872 = CIRCLE('',#873,2.);
#873 = AXIS2_PLACEMENT_3D('',#874,#875,#876);
#874 = CARTESIAN_POINT('',(-6.,3.,12.));
#875 = DIRECTION('',(0.,0.,1.));
#876 = DIRECTION('',(1.,0.,0.));
#877 = PCURVE('',#195,#878);
#878 = DEFINITIONAL_REPRESENTATION('',(#879),#883);
#879 = CIRCLE('',#880,2.);
#880 = AXIS2_PLACEMENT_2D('',#881,#882);
#881 = CARTESIAN_POINT('',(4.,8.));
#882 = DIRECTION('',(1.,0.));
#883 = ( GEOMETRIC_REPRESENTATION_CONTEXT(2) 
PARAMETRIC_REPRESENTATION_CONTEXT() REPRESENTATION_CONTEXT('2D SPACE',''
  ) );
#884 = PCURVE('',#885,#890);
#885 = CYLINDRICAL_SURFACE('',#886,2.);
#886 = AXIS2_PLACEMENT_3D('',#887,#888,#889);
#887 = CARTESIAN_POINT('',(-6.,3.,0.));
#888 = DIRECTION('',(-0.,-0.,-1.));
#889 = DIRECTION('',(1.,0.,0.));
#890 = DEFINITIONAL_REPRESENTATION('',(#891),#895);
#891 = LINE('',#892,#893);
#892 = CARTESIAN_POINT('',(-0.,-12.));
#893 = VECTOR('',#894,1.);
#894 = DIRECTION('',(-1.,0.));
#895 = ( GEOMETRIC_REPRESENTATION_CONTEXT(2) 
PARAMETRIC_REPRESENTATION_CONTEXT() REPRESENTATION_CONTEXT('2D SPACE',''
  ) );
#896 = ORIENTED_EDGE('',*,*,#897,.F.);
#897 = EDGE_CURVE('',#869,#716,#898,.T.);
#898 = SURFACE_CURVE('',#899,(#904,#911),.PCURVE_S1.);
#899 = CIRCLE('',#900,2.);
#900 = AXIS2_PLACEMENT_3D('',#901,#902,#903);
#901 = CARTESIAN_POINT('',(-6.,3.,12.));
#902 = DIRECTION('',(0.,0.,1.));
#903 = DIRECTION('',(1.,0.,0.));
#904 = PCURVE('',#195,#905);
#905 = DEFINITIONAL_REPRESENTATION('',(#906),#910);
#906 = CIRCLE('',#907,2.);
#907 = AXIS2_PLACEMENT_2D('',#908,#909);
#908 = CARTESIAN_POINT('',(4.,8.));
#909 = DIRECTION('',(1.,0.));
#910 = ( GEOMETRIC_REPRESENTATION_CONTEXT(2) 
PARAMETRIC_REPRESENTATION_CONTEXT() REPRESENTATION_CONTEXT('2D SPACE',''
  ) );
#911 = PCURVE('',#885,#912);
#912 = DEFINITIONAL_REPRESENTATION('',(#913),#917);
#913 = LINE('',#914,#915);
#914 = CARTESIAN_POINT('',(-0.,-12.));
#915 = VECTOR('',#916,1.);
#916 = DIRECTION('',(-1.,0.));
#917 = ( GEOMETRIC_REPRESENTATION_CONTEXT(2) 
PARAMETRIC_REPRESENTATION_CONTEXT() REPRESENTATION_CONTEXT('2D SPACE',''
  ) );
#918 = FACE_BOUND('',#919,.F.);
#919 = EDGE_LOOP('',(#920,#949));
#920 = ORIENTED_EDGE('',*,*,#921,.F.);
#921 = EDGE_CURVE('',#693,#922,#924,.T.);
#922 = VERTEX_POINT('',#923);
#923 = CARTESIAN_POINT('',(8.,3.,12.));
#924 = SURFACE_CURVE('',#925,(#930,#937),.PCURVE_S1.);
#925 = CIRCLE('',#926,2.);
#926 = AXIS2_PLACEMENT_3D('',#927,#928,#929);
#927 = CARTESIAN_POINT('',(6.,3.,12.));
#928 = DIRECTION('',(0.,0.,1.));
#929 = DIRECTION('',(1.,0.,0.));
#930 = PCURVE('',#195,#931);
#931 = DEFINITIONAL_REPRESENTATION('',(#932),#936);
#932 = CIRCLE('',#933,2.);
#933 = AXIS2_PLACEMENT_2D('',#934,#935);
#934 = CARTESIAN_POINT('',(16.,8.));
#935 = DIRECTION('',(1.,0.));
#936 = ( GEOMETRIC_REPRESENTATION_CONTEXT(2) 
PARAMETRIC_REPRESENTATION_CONTEXT() REPRESENTATION_CONTEXT('2D SPACE',''
  ) );
#937 = PCURVE('',#938,#943);
#938 = CYLINDRICAL_SURFACE('',#939,2.);
#939 = AXIS2_PLACEMENT_3D('',#940,#941,#942);
#940 = CARTESIAN_POINT('',(6.,3.,0.));
#941 = DIRECTION('',(-0.,-0.,-1.));
#942 = DIRECTION('',(1.,0.,0.));
#943 = DEFINITIONAL_REPRESENTATION('',(#944),#948);
#944 = LINE('',#945,#946);
#945 = CARTESIAN_POINT('',(-0.,-12.));
#946 = VECTOR('',#947,1.);
#947 = DIRECTION('',(-1.,0.));
#948 = ( GEOMETRIC_REPRESENTATION_CONTEXT(2) 
PARAMETRIC_REPRESENTATION_CONTEXT() REPRESENTATION_CONTEXT('2D SPACE',''
  ) );
#949 = ORIENTED_EDGE('',*,*,#950,.F.);
#950 = EDGE_CURVE('',#922,#693,#951,.T.);
#951 = SURFACE_CURVE('',#952,(#957,#964),.PCURVE_S1.);
#952 = CIRCLE('',#953,2.);
#953 = AXIS2_PLACEMENT_3D('',#954,#955,#956);
#954 = CARTESIAN_POINT('',(6.,3.,12.));
#955 = DIRECTION('',(0.,0.,1.));
#956 = DIRECTION('',(1.,0.,0.));
#957 = PCURVE('',#195,#958);
#958 = DEFINITIONAL_REPRESENTATION('',(#959),#963);
#959 = CIRCLE('',#960,2.);
#960 = AXIS2_PLACEMENT_2D('',#961,#962);
#961 = CARTESIAN_POINT('',(16.,8.));
#962 = DIRECTION('',(1.,0.));
#963 = ( GEOMETRIC_REPRESENTATION_CONTEXT(2) 
PARAMETRIC_REPRESENTATION_CONTEXT() REPRESENTATION_CONTEXT('2D SPACE',''
  ) );
#964 = PCURVE('',#938,#965);
#965 = DEFINITIONAL_REPRESENTATION('',(#966),#970);
#966 = LINE('',#967,#968);
#967 = CARTESIAN_POINT('',(-0.,-12.));
#968 = VECTOR('',#969,1.);
#969 = DIRECTION('',(-1.,0.));
#970 = ( GEOMETRIC_REPRESENTATION_CONTEXT(2) 
PARAMETRIC_REPRESENTATION_CONTEXT() REPRESENTATION_CONTEXT('2D SPACE',''
  ) );
#971 = ADVANCED_FACE('',(#972),#396,.T.);
#972 = FACE_BOUND('',#973,.T.);
#973 = EDGE_LOOP('',(#974,#975,#976,#977,#998,#999));
#974 = ORIENTED_EDGE('',*,*,#738,.F.);
#975 = ORIENTED_EDGE('',*,*,#515,.T.);
#976 = ORIENTED_EDGE('',*,*,#380,.T.);
#977 = ORIENTED_EDGE('',*,*,#978,.F.);
#978 = EDGE_CURVE('',#669,#352,#979,.T.);
#979 = SURFACE_CURVE('',#980,(#984,#991),.PCURVE_S1.);
#980 = LINE('',#981,#982);
#981 = CARTESIAN_POINT('',(8.,5.,12.));
#982 = VECTOR('',#983,1.);
#983 = DIRECTION('',(0.,0.,1.));
#984 = PCURVE('',#396,#985);
#985 = DEFINITIONAL_REPRESENTATION('',(#986),#990);
#986 = LINE('',#987,#988);
#987 = CARTESIAN_POINT('',(0.,18.));
#988 = VECTOR('',#989,1.);
#989 = DIRECTION('',(1.,0.));
#990 = ( GEOMETRIC_REPRESENTATION_CONTEXT(2) 
PARAMETRIC_REPRESENTATION_CONTEXT() REPRESENTATION_CONTEXT('2D SPACE',''
  ) );
#991 = PCURVE('',#368,#992);
#992 = DEFINITIONAL_REPRESENTATION('',(#993),#997);
#993 = LINE('',#994,#995);
#994 = CARTESIAN_POINT('',(1.570796326795,0.));
#995 = VECTOR('',#996,1.);
#996 = DIRECTION('',(0.,1.));
#997 = ( GEOMETRIC_REPRESENTATION_CONTEXT(2) 
PARAMETRIC_REPRESENTATION_CONTEXT() REPRESENTATION_CONTEXT('2D SPACE',''
  ) );
#998 = ORIENTED_EDGE('',*,*,#692,.F.);
#999 = ORIENTED_EDGE('',*,*,#715,.F.);
#1000 = ADVANCED_FACE('',(#1001),#368,.T.);
#1001 = FACE_BOUND('',#1002,.T.);
#1002 = EDGE_LOOP('',(#1003,#1026,#1027,#1028,#1029));
#1003 = ORIENTED_EDGE('',*,*,#1004,.F.);
#1004 = EDGE_CURVE('',#641,#1005,#1007,.T.);
#1005 = VERTEX_POINT('',#1006);
#1006 = CARTESIAN_POINT('',(10.,3.,15.232173123574));
#1007 = SURFACE_CURVE('',#1008,(#1012,#1019),.PCURVE_S1.);
#1008 = LINE('',#1009,#1010);
#1009 = CARTESIAN_POINT('',(10.,3.,12.));
#1010 = VECTOR('',#1011,1.);
#1011 = DIRECTION('',(0.,0.,1.));
#1012 = PCURVE('',#368,#1013);
#1013 = DEFINITIONAL_REPRESENTATION('',(#1014),#1018);
#1014 = LINE('',#1015,#1016);
#1015 = CARTESIAN_POINT('',(0.,0.));
#1016 = VECTOR('',#1017,1.);
#1017 = DIRECTION('',(0.,1.));
#1018 = ( GEOMETRIC_REPRESENTATION_CONTEXT(2) 
PARAMETRIC_REPRESENTATION_CONTEXT() REPRESENTATION_CONTEXT('2D SPACE',''
  ) );
#1019 = PCURVE('',#656,#1020);
#1020 = DEFINITIONAL_REPRESENTATION('',(#1021),#1025);
#1021 = LINE('',#1022,#1023);
#1022 = CARTESIAN_POINT('',(0.,-8.));
#1023 = VECTOR('',#1024,1.);
#1024 = DIRECTION('',(1.,0.));
#1025 = ( GEOMETRIC_REPRESENTATION_CONTEXT(2) 
PARAMETRIC_REPRESENTATION_CONTEXT() REPRESENTATION_CONTEXT('2D SPACE',''
  ) );
#1026 = ORIENTED_EDGE('',*,*,#668,.T.);
#1027 = ORIENTED_EDGE('',*,*,#978,.T.);
#1028 = ORIENTED_EDGE('',*,*,#351,.F.);
#1029 = ORIENTED_EDGE('',*,*,#1030,.T.);
#1030 = EDGE_CURVE('',#323,#1005,#1031,.T.);
#1031 = SURFACE_CURVE('',#1032,(#1089,#1184),.PCURVE_S1.);
#1032 = B_SPLINE_CURVE_WITH_KNOTS('',7,(#1033,#1034,#1035,#1036,#1037,
    #1038,#1039,#1040,#1041,#1042,#1043,#1044,#1045,#1046,#1047,#1048,
    #1049,#1050,#1051,#1052,#1053,#1054,#1055,#1056,#1057,#1058,#1059,
    #1060,#1061,#1062,#1063,#1064,#1065,#1066,#1067,#1068,#1069,#1070,
    #1071,#1072,#1073,#1074,#1075,#1076,#1077,#1078,#1079,#1080,#1081,
    #1082,#1083,#1084,#1085,#1086,#1087,#1088),.UNSPECIFIED.,.F.,.F.,(8,
    6,6,6,6,6,6,6,6,8),(4.047902030858E-07,0.44332658707,1.,
    2.297349379063,2.786021660077,3.316689476714,3.751051040033,
    4.118076271061,4.435104751703,4.857601999305),.UNSPECIFIED.);
#1033 = CARTESIAN_POINT('',(8.703094664485,4.872340218222,22.));
#1034 = CARTESIAN_POINT('',(8.681845081354,4.880319787521,
    21.906125723258));
#1035 = CARTESIAN_POINT('',(8.661948050463,4.887470423548,
    21.812014592258));
#1036 = CARTESIAN_POINT('',(8.643457260119,4.893851240319,
    21.717683001952));
#1037 = CARTESIAN_POINT('',(8.626422406524,4.899516973477,
    21.623148362484));
#1038 = CARTESIAN_POINT('',(8.610888582233,4.904517283807,
    21.528429161234));
#1039 = CARTESIAN_POINT('',(8.596895664628,4.908896060756,
    21.433545024858));
#1040 = CARTESIAN_POINT('',(8.5688847875,4.917455590501,21.219192232594)
  );
#1041 = CARTESIAN_POINT('',(8.555774991888,4.921299416682,
    21.099639752703));
#1042 = CARTESIAN_POINT('',(8.545216084655,4.924296518436,
    20.979901736189));
#1043 = CARTESIAN_POINT('',(8.537260613977,4.926504549664,
    20.860022190643));
#1044 = CARTESIAN_POINT('',(8.531944713181,4.927963161377,
    20.740046800925));
#1045 = CARTESIAN_POINT('',(8.529286904837,4.928692658867,
    20.620022993371));
#1046 = CARTESIAN_POINT('',(8.529286904837,4.928692658867,
    20.220281672688));
#1047 = CARTESIAN_POINT('',(8.543722865016,4.924731043866,
    19.940550763641));
#1048 = CARTESIAN_POINT('',(8.572597132116,4.916806944869,19.66145849092
    ));
#1049 = CARTESIAN_POINT('',(8.615363471112,4.904339871211,
    19.383569113309));
#1050 = CARTESIAN_POINT('',(8.670968045492,4.886146362267,
    19.107368045697));
#1051 = CARTESIAN_POINT('',(8.73806009461,4.860745423724,18.833279558699
    ));
#1052 = CARTESIAN_POINT('',(8.844037571254,4.813452180713,
    18.459371056083));
#1053 = CARTESIAN_POINT('',(8.874437277383,4.799242111356,
    18.357418073106));
#1054 = CARTESIAN_POINT('',(8.906155021713,4.783668259643,18.25583597937
    ));
#1055 = CARTESIAN_POINT('',(8.939100375278,4.766632377184,18.15464468929
    ));
#1056 = CARTESIAN_POINT('',(8.973177483022,4.748031459393,
    18.053865084863));
#1057 = CARTESIAN_POINT('',(9.008284830541,4.727757649726,17.95351906707
    ));
#1058 = CARTESIAN_POINT('',(9.083441553997,4.681742887532,
    17.745155843576));
#1059 = CARTESIAN_POINT('',(9.12365541091,4.655682522203,17.6372232221)
  );
#1060 = CARTESIAN_POINT('',(9.164819078068,4.627371553761,
    17.529859471622));
#1061 = CARTESIAN_POINT('',(9.206785267811,4.596659097112,17.42309917733
    ));
#1062 = CARTESIAN_POINT('',(9.249394337941,4.563386791209,
    17.316983835212));
#1063 = CARTESIAN_POINT('',(9.292471721364,4.527386714015,
    17.211561906452));
#1064 = CARTESIAN_POINT('',(9.371311118775,4.456632847118,
    17.021212029288));
#1065 = CARTESIAN_POINT('',(9.406980671317,4.422839720095,
    16.936040045204));
#1066 = CARTESIAN_POINT('',(9.442728564992,4.38700056407,16.851402493046
    ));
#1067 = CARTESIAN_POINT('',(9.478439520308,4.349012746405,
    16.767337161479));
#1068 = CARTESIAN_POINT('',(9.513985978513,4.308768524354,
    16.683890229725));
#1069 = CARTESIAN_POINT('',(9.549225653467,4.266153215258,
    16.601116442949));
#1070 = CARTESIAN_POINT('',(9.613381808113,4.18292661338,16.449759834838
    ));
#1071 = CARTESIAN_POINT('',(9.642430257116,4.143030620393,
    16.380969609278));
#1072 = CARTESIAN_POINT('',(9.671048328932,4.101279812269,
    16.312745759758));
#1073 = CARTESIAN_POINT('',(9.699128928595,4.057597206815,
    16.245135408582));
#1074 = CARTESIAN_POINT('',(9.726551692542,4.011903021408,
    16.178195983994));
#1075 = CARTESIAN_POINT('',(9.753180713404,3.964113279249,
    16.111995552614));
#1076 = CARTESIAN_POINT('',(9.801045435124,3.870971205983,
    15.990137243923));
#1077 = CARTESIAN_POINT('',(9.822520149429,3.826176648671,
    15.934275587253));
#1078 = CARTESIAN_POINT('',(9.843187625179,3.779695541313,
    15.879077651114));
#1079 = CARTESIAN_POINT('',(9.862936436766,3.731470621221,
    15.824605822205));
#1080 = CARTESIAN_POINT('',(9.881640669243,3.681445917957,
    15.770935778577));
#1081 = CARTESIAN_POINT('',(9.89915807206,3.629566105889,15.718156863528
    ));
#1082 = CARTESIAN_POINT('',(9.936877822312,3.504090713005,
    15.597360463692));
#1083 = CARTESIAN_POINT('',(9.95602516087,3.429043009011,15.53014449743)
  );
#1084 = CARTESIAN_POINT('',(9.9724039383,3.350472510913,15.464934093442)
  );
#1085 = CARTESIAN_POINT('',(9.98556057102,3.268272491452,15.402054915277
    ));
#1086 = CARTESIAN_POINT('',(9.9949616181,3.182409884132,15.341935432793)
  );
#1087 = CARTESIAN_POINT('',(10.,3.092937741849,15.285100684044));
#1088 = CARTESIAN_POINT('',(10.,3.,15.232173123574));
#1089 = PCURVE('',#368,#1090);
#1090 = DEFINITIONAL_REPRESENTATION('',(#1091),#1183);
#1091 = B_SPLINE_CURVE_WITH_KNOTS('',3,(#1092,#1093,#1094,#1095,#1096,
    #1097,#1098,#1099,#1100,#1101,#1102,#1103,#1104,#1105,#1106,#1107,
    #1108,#1109,#1110,#1111,#1112,#1113,#1114,#1115,#1116,#1117,#1118,
    #1119,#1120,#1121,#1122,#1123,#1124,#1125,#1126,#1127,#1128,#1129,
    #1130,#1131,#1132,#1133,#1134,#1135,#1136,#1137,#1138,#1139,#1140,
    #1141,#1142,#1143,#1144,#1145,#1146,#1147,#1148,#1149,#1150,#1151,
    #1152,#1153,#1154,#1155,#1156,#1157,#1158,#1159,#1160,#1161,#1162,
    #1163,#1164,#1165,#1166,#1167,#1168,#1169,#1170,#1171,#1172,#1173,
    #1174,#1175,#1176,#1177,#1178,#1179,#1180,#1181,#1182),
  .UNSPECIFIED.,.F.,.F.,(4,1,1,1,1,1,1,1,1,1,1,1,1,1,1,1,1,1,1,1,1,1,1,1
    ,1,1,1,1,1,1,1,1,1,1,1,1,1,1,1,1,1,1,1,1,1,1,1,1,1,1,1,1,1,1,1,1,1,1
    ,1,1,1,1,1,1,1,1,1,1,1,1,1,1,1,1,1,1,1,1,1,1,1,1,1,1,1,1,1,1,4),(
    4.047902030858E-07,5.520042290969E-02,0.110400441029,0.165600459149,
    0.220800477268,0.276000495388,0.331200513507,0.386400531627,
    0.441600549746,0.496800567866,0.552000585985,0.607200604105,
    0.662400622224,0.717600640344,0.772800658463,0.828000676583,
    0.883200694702,0.938400712822,0.993600730941,1.048800749061,
    1.10400076718,1.159200785299,1.214400803419,1.269600821538,
    1.324800839658,1.380000857777,1.435200875897,1.490400894016,
    1.545600912136,1.600800930255,1.656000948375,1.711200966494,
    1.766400984614,1.821601002733,1.876801020853,1.932001038972,
    1.987201057092,2.042401075211,2.097601093331,2.15280111145,
    2.20800112957,2.263201147689,2.318401165809,2.373601183928,
    2.428801202048,2.484001220167,2.539201238287,2.594401256406,
    2.649601274526,2.704801292645,2.760001310765,2.815201328884,
    2.870401347004,2.925601365123,2.980801383243,3.036001401362,
    3.091201419482,3.146401437601,3.201601455721,3.25680147384,
    3.31200149196,3.367201510079,3.422401528199,3.477601546318,
    3.532801564438,3.588001582557,3.643201600677,3.698401618796,
    3.753601636916,3.808801655035,3.864001673155,3.919201691274,
    3.974401709393,4.029601727513,4.084801745632,4.140001763752,
    4.195201781871,4.250401799991,4.30560181811,4.36080183623,
    4.416001854349,4.471201872469,4.526401890588,4.581601908708,
    4.636801926827,4.692001944947,4.747201963066,4.802401981186,
    4.857601999305),.QUASI_UNIFORM_KNOTS.);
#1092 = CARTESIAN_POINT('',(1.211572902657,10.));
#1093 = CARTESIAN_POINT('',(1.214870199416,9.972726620902));
#1094 = CARTESIAN_POINT('',(1.22129575941,9.918128386981));
#1095 = CARTESIAN_POINT('',(1.230421934632,9.83608358943));
#1096 = CARTESIAN_POINT('',(1.23903087905,9.753898241935));
#1097 = CARTESIAN_POINT('',(1.247117533061,9.671579534442));
#1098 = CARTESIAN_POINT('',(1.254676897572,9.589134853763));
#1099 = CARTESIAN_POINT('',(1.261704074481,9.506571820082));
#1100 = CARTESIAN_POINT('',(1.268194311568,9.423898265344));
#1101 = CARTESIAN_POINT('',(1.2741430381,9.341122311279));
#1102 = CARTESIAN_POINT('',(1.279545926986,9.258252106986));
#1103 = CARTESIAN_POINT('',(1.284398902046,9.175296188595));
#1104 = CARTESIAN_POINT('',(1.288698185379,9.09226348556));
#1105 = CARTESIAN_POINT('',(1.292440355147,9.009162991799));
#1106 = CARTESIAN_POINT('',(1.295622367027,8.926003855261));
#1107 = CARTESIAN_POINT('',(1.298241582559,8.842795356969));
#1108 = CARTESIAN_POINT('',(1.30029579277,8.759546914584));
#1109 = CARTESIAN_POINT('',(1.301783240104,8.676268098418));
#1110 = CARTESIAN_POINT('',(1.302702637777,8.592968573112));
#1111 = CARTESIAN_POINT('',(1.303053186526,8.509658324229));
#1112 = CARTESIAN_POINT('',(1.302834588988,8.426346819506));
#1113 = CARTESIAN_POINT('',(1.30204702177,8.343043369465));
#1114 = CARTESIAN_POINT('',(1.300691171889,8.259758468511));
#1115 = CARTESIAN_POINT('',(1.298768220994,8.176502011005));
#1116 = CARTESIAN_POINT('',(1.296279829007,8.093283759434));
#1117 = CARTESIAN_POINT('',(1.293228113497,8.010113223587));
#1118 = CARTESIAN_POINT('',(1.289615626002,7.926999697799));
#1119 = CARTESIAN_POINT('',(1.28544532525,7.843952256078));
#1120 = CARTESIAN_POINT('',(1.28072054763,7.760979758705));
#1121 = CARTESIAN_POINT('',(1.275444975129,7.678090855931));
#1122 = CARTESIAN_POINT('',(1.26962260105,7.595293992595));
#1123 = CARTESIAN_POINT('',(1.263257693776,7.512597412601));
#1124 = CARTESIAN_POINT('',(1.256354758856,7.43000916351));
#1125 = CARTESIAN_POINT('',(1.248918499704,7.347537101163));
#1126 = CARTESIAN_POINT('',(1.240953777173,7.265188894303));
#1127 = CARTESIAN_POINT('',(1.232465568254,7.182972029207));
#1128 = CARTESIAN_POINT('',(1.223458924131,7.100893814253));
#1129 = CARTESIAN_POINT('',(1.213938927827,7.018961384506));
#1130 = CARTESIAN_POINT('',(1.203910651557,6.937181705966));
#1131 = CARTESIAN_POINT('',(1.193379114143,6.855561580665));
#1132 = CARTESIAN_POINT('',(1.182349237862,6.774107648103));
#1133 = CARTESIAN_POINT('',(1.170825807529,6.692826399693));
#1134 = CARTESIAN_POINT('',(1.158813421635,6.611724143963));
#1135 = CARTESIAN_POINT('',(1.146316473553,6.530807154683));
#1136 = CARTESIAN_POINT('',(1.133338993462,6.450080967154));
#1137 = CARTESIAN_POINT('',(1.11988476302,6.369551407547));
#1138 = CARTESIAN_POINT('',(1.10595726334,6.289224475578));
#1139 = CARTESIAN_POINT('',(1.091559631623,6.209106290021));
#1140 = CARTESIAN_POINT('',(1.076694627452,6.129203105702));
#1141 = CARTESIAN_POINT('',(1.061364595059,6.049521314297));
#1142 = CARTESIAN_POINT('',(1.045571422073,5.970067438452));
#1143 = CARTESIAN_POINT('',(1.02931650687,5.890848168798));
#1144 = CARTESIAN_POINT('',(1.012600686188,5.811870236052));
#1145 = CARTESIAN_POINT('',(0.995424520112,5.733141895469));
#1146 = CARTESIAN_POINT('',(0.97778765429,5.65467018007));
#1147 = CARTESIAN_POINT('',(0.959689235647,5.57646307257));
#1148 = CARTESIAN_POINT('',(0.941127801108,5.498529161479));
#1149 = CARTESIAN_POINT('',(0.922101249731,5.420877733452));
#1150 = CARTESIAN_POINT('',(0.902606787459,5.343518757806));
#1151 = CARTESIAN_POINT('',(0.88264086208,5.266462866122));
#1152 = CARTESIAN_POINT('',(0.862199128449,5.189721459326));
#1153 = CARTESIAN_POINT('',(0.841276266435,5.113306309779));
#1154 = CARTESIAN_POINT('',(0.819866322389,5.037231055862));
#1155 = CARTESIAN_POINT('',(0.797962519295,4.961510860994));
#1156 = CARTESIAN_POINT('',(0.775556662767,4.886160598308));
#1157 = CARTESIAN_POINT('',(0.752639791762,4.811197516782));
#1158 = CARTESIAN_POINT('',(0.729201882512,4.736640573984));
#1159 = CARTESIAN_POINT('',(0.705231753935,4.662510572888));
#1160 = CARTESIAN_POINT('',(0.680716996917,4.588830369752));
#1161 = CARTESIAN_POINT('',(0.655643502501,4.515623993699));
#1162 = CARTESIAN_POINT('',(0.62999647518,4.442920068303));
#1163 = CARTESIAN_POINT('',(0.603759195765,4.370749007335));
#1164 = CARTESIAN_POINT('',(0.576913051137,4.299143639866));
#1165 = CARTESIAN_POINT('',(0.549438167242,4.228141750665));
#1166 = CARTESIAN_POINT('',(0.521312865662,4.157785396706));
#1167 = CARTESIAN_POINT('',(0.492513549528,4.088121487539));
#1168 = CARTESIAN_POINT('',(0.463013794828,4.019200534091));
#1169 = CARTESIAN_POINT('',(0.432786923153,3.951083745722));
#1170 = CARTESIAN_POINT('',(0.401801803298,3.883834583996));
#1171 = CARTESIAN_POINT('',(0.370026022362,3.817527135256));
#1172 = CARTESIAN_POINT('',(0.337425193139,3.752245881829));
#1173 = CARTESIAN_POINT('',(0.303961956765,3.688085103291));
#1174 = CARTESIAN_POINT('',(0.269596963682,3.625152404896));
#1175 = CARTESIAN_POINT('',(0.234294655872,3.563579655106));
#1176 = CARTESIAN_POINT('',(0.198004084841,3.503491413047));
#1177 = CARTESIAN_POINT('',(0.160680545644,3.445045941591));
#1178 = CARTESIAN_POINT('',(0.122280478716,3.3884250857));
#1179 = CARTESIAN_POINT('',(8.276214237191E-02,3.333836779701));
#1180 = CARTESIAN_POINT('',(4.208467258762E-02,3.281510831766));
#1181 = CARTESIAN_POINT('',(1.416615622658E-02,3.248310301577));
#1182 = CARTESIAN_POINT('',(0.,3.232173123574));
#1183 = ( GEOMETRIC_REPRESENTATION_CONTEXT(2) 
PARAMETRIC_REPRESENTATION_CONTEXT() REPRESENTATION_CONTEXT('2D SPACE',''
  ) );
#1184 = PCURVE('',#339,#1185);
#1185 = DEFINITIONAL_REPRESENTATION('',(#1186),#1278);
#1186 = B_SPLINE_CURVE_WITH_KNOTS('',3,(#1187,#1188,#1189,#1190,#1191,
    #1192,#1193,#1194,#1195,#1196,#1197,#1198,#1199,#1200,#1201,#1202,
    #1203,#1204,#1205,#1206,#1207,#1208,#1209,#1210,#1211,#1212,#1213,
    #1214,#1215,#1216,#1217,#1218,#1219,#1220,#1221,#1222,#1223,#1224,
    #1225,#1226,#1227,#1228,#1229,#1230,#1231,#1232,#1233,#1234,#1235,
    #1236,#1237,#1238,#1239,#1240,#1241,#1242,#1243,#1244,#1245,#1246,
    #1247,#1248,#1249,#1250,#1251,#1252,#1253,#1254,#1255,#1256,#1257,
    #1258,#1259,#1260,#1261,#1262,#1263,#1264,#1265,#1266,#1267,#1268,
    #1269,#1270,#1271,#1272,#1273,#1274,#1275,#1276,#1277),
  .UNSPECIFIED.,.F.,.F.,(4,1,1,1,1,1,1,1,1,1,1,1,1,1,1,1,1,1,1,1,1,1,1,1
    ,1,1,1,1,1,1,1,1,1,1,1,1,1,1,1,1,1,1,1,1,1,1,1,1,1,1,1,1,1,1,1,1,1,1
    ,1,1,1,1,1,1,1,1,1,1,1,1,1,1,1,1,1,1,1,1,1,1,1,1,1,1,1,1,1,1,4),(
    4.047902030858E-07,5.520042290969E-02,0.110400441029,0.165600459149,
    0.220800477268,0.276000495388,0.331200513507,0.386400531627,
    0.441600549746,0.496800567866,0.552000585985,0.607200604105,
    0.662400622224,0.717600640344,0.772800658463,0.828000676583,
    0.883200694702,0.938400712822,0.993600730941,1.048800749061,
    1.10400076718,1.159200785299,1.214400803419,1.269600821538,
    1.324800839658,1.380000857777,1.435200875897,1.490400894016,
    1.545600912136,1.600800930255,1.656000948375,1.711200966494,
    1.766400984614,1.821601002733,1.876801020853,1.932001038972,
    1.987201057092,2.042401075211,2.097601093331,2.15280111145,
    2.20800112957,2.263201147689,2.318401165809,2.373601183928,
    2.428801202048,2.484001220167,2.539201238287,2.594401256406,
    2.649601274526,2.704801292645,2.760001310765,2.815201328884,
    2.870401347004,2.925601365123,2.980801383243,3.036001401362,
    3.091201419482,3.146401437601,3.201601455721,3.25680147384,
    3.31200149196,3.367201510079,3.422401528199,3.477601546318,
    3.532801564438,3.588001582557,3.643201600677,3.698401618796,
    3.753601636916,3.808801655035,3.864001673155,3.919201691274,
    3.974401709393,4.029601727513,4.084801745632,4.140001763752,
    4.195201781871,4.250401799991,4.30560181811,4.36080183623,
    4.416001854349,4.471201872469,4.526401890588,4.581601908708,
    4.636801926827,4.692001944947,4.747201963066,4.802401981186,
    4.857601999305),.QUASI_UNIFORM_KNOTS.);
#1187 = CARTESIAN_POINT('',(2.34839312121,0.215960498685));
#1188 = CARTESIAN_POINT('',(2.34879868632,0.211971645508));
#1189 = CARTESIAN_POINT('',(2.349595495034,0.203996879128));
#1190 = CARTESIAN_POINT('',(2.350744171675,0.192042803719));
#1191 = CARTESIAN_POINT('',(2.351842668599,0.180096040837));
#1192 = CARTESIAN_POINT('',(2.352887592361,0.168155884413));
#1193 = CARTESIAN_POINT('',(2.353875717415,0.156221663926));
#1194 = CARTESIAN_POINT('',(2.354804012465,0.144292749857));
#1195 = CARTESIAN_POINT('',(2.355669638849,0.132368549202));
#1196 = CARTESIAN_POINT('',(2.356469954585,0.120448515807));
#1197 = CARTESIAN_POINT('',(2.357202525867,0.108532111889));
#1198 = CARTESIAN_POINT('',(2.357865120429,9.661885877635E-02));
#1199 = CARTESIAN_POINT('',(2.358455719255,8.470833720111E-02));
#1200 = CARTESIAN_POINT('',(2.358972527558,7.28001395268E-02));
#1201 = CARTESIAN_POINT('',(2.359413974872,6.089388205168E-02));
#1202 = CARTESIAN_POINT('',(2.359778718639,4.89892015764E-02));
#1203 = CARTESIAN_POINT('',(2.360065647427,3.708575557037E-02));
#1204 = CARTESIAN_POINT('',(2.360273884894,2.518322417792E-02));
#1205 = CARTESIAN_POINT('',(2.360402793986,1.328130164478E-02));
#1206 = CARTESIAN_POINT('',(2.360451982322,1.37972846778E-03));
#1207 = CARTESIAN_POINT('',(2.360421305598,-1.052182867032E-02));
#1208 = CARTESIAN_POINT('',(2.36031085176,-2.242372555346E-02));
#1209 = CARTESIAN_POINT('',(2.360120958884,-3.432614900204E-02));
#1210 = CARTESIAN_POINT('',(2.359852206872,-4.622937183311E-02));
#1211 = CARTESIAN_POINT('',(2.359505416474,-5.813368616542E-02));
#1212 = CARTESIAN_POINT('',(2.359081645549,-7.003942094008E-02));
#1213 = CARTESIAN_POINT('',(2.358582185335,-8.194693692754E-02));
#1214 = CARTESIAN_POINT('',(2.358008556105,-9.385662782097E-02));
#1215 = CARTESIAN_POINT('',(2.357362502536,-0.105768919756));
#1216 = CARTESIAN_POINT('',(2.356645988805,-0.117684271313));
#1217 = CARTESIAN_POINT('',(2.35586119356,-0.129603173455));
#1218 = CARTESIAN_POINT('',(2.355010504841,-0.141526149557));
#1219 = CARTESIAN_POINT('',(2.354096515086,-0.153453755481));
#1220 = CARTESIAN_POINT('',(2.353122016299,-0.165386579724));
#1221 = CARTESIAN_POINT('',(2.352089995508,-0.17732524363));
#1222 = CARTESIAN_POINT('',(2.351003630623,-0.189270401681));
#1223 = CARTESIAN_POINT('',(2.349866286805,-0.201222741858));
#1224 = CARTESIAN_POINT('',(2.348681513468,-0.213182986091));
#1225 = CARTESIAN_POINT('',(2.347453042032,-0.225151890819));
#1226 = CARTESIAN_POINT('',(2.346184784591,-0.237130247518));
#1227 = CARTESIAN_POINT('',(2.344880833522,-0.249118883851));
#1228 = CARTESIAN_POINT('',(2.343545462547,-0.261118662976));
#1229 = CARTESIAN_POINT('',(2.342183128072,-0.273130490288));
#1230 = CARTESIAN_POINT('',(2.340798475884,-0.285155293003));
#1231 = CARTESIAN_POINT('',(2.339396330238,-0.297194126634));
#1232 = CARTESIAN_POINT('',(2.337981727335,-0.309248025011));
#1233 = CARTESIAN_POINT('',(2.336559910055,-0.321318017622));
#1234 = CARTESIAN_POINT('',(2.335136342357,-0.333405139473));
#1235 = CARTESIAN_POINT('',(2.333716723276,-0.345510430021));
#1236 = CARTESIAN_POINT('',(2.332307002344,-0.357634934545));
#1237 = CARTESIAN_POINT('',(2.330913395356,-0.36977970646));
#1238 = CARTESIAN_POINT('',(2.329542403436,-0.381945802921));
#1239 = CARTESIAN_POINT('',(2.328200825264,-0.394134305616));
#1240 = CARTESIAN_POINT('',(2.326895816866,-0.406346092308));
#1241 = CARTESIAN_POINT('',(2.325634882262,-0.418582263784));
#1242 = CARTESIAN_POINT('',(2.324425916485,-0.430843806841));
#1243 = CARTESIAN_POINT('',(2.323277246006,-0.443131647691));
#1244 = CARTESIAN_POINT('',(2.322197670978,-0.455446637287));
#1245 = CARTESIAN_POINT('',(2.321196510418,-0.467789552919));
#1246 = CARTESIAN_POINT('',(2.320283650133,-0.480161100345));
#1247 = CARTESIAN_POINT('',(2.319469594675,-0.492561894347));
#1248 = CARTESIAN_POINT('',(2.318765520076,-0.504992521076));
#1249 = CARTESIAN_POINT('',(2.318183341036,-0.5174532899));
#1250 = CARTESIAN_POINT('',(2.317735826202,-0.529944287414));
#1251 = CARTESIAN_POINT('',(2.317436622949,-0.542465665273));
#1252 = CARTESIAN_POINT('',(2.317300374973,-0.555017195717));
#1253 = CARTESIAN_POINT('',(2.317342824178,-0.567598370095));
#1254 = CARTESIAN_POINT('',(2.317580926634,-0.580208364593));
#1255 = CARTESIAN_POINT('',(2.318032971438,-0.592845988458));
#1256 = CARTESIAN_POINT('',(2.318718721374,-0.605509818824));
#1257 = CARTESIAN_POINT('',(2.319659514574,-0.618197583463));
#1258 = CARTESIAN_POINT('',(2.320878521151,-0.630906626599));
#1259 = CARTESIAN_POINT('',(2.32240086006,-0.643633761822));
#1260 = CARTESIAN_POINT('',(2.324253787112,-0.656374787831));
#1261 = CARTESIAN_POINT('',(2.326466931586,-0.669124558447));
#1262 = CARTESIAN_POINT('',(2.329072520543,-0.681876818949));
#1263 = CARTESIAN_POINT('',(2.332105676425,-0.694624366888));
#1264 = CARTESIAN_POINT('',(2.335604405823,-0.707357657976));
#1265 = CARTESIAN_POINT('',(2.339610307819,-0.720066276454));
#1266 = CARTESIAN_POINT('',(2.344168431404,-0.732737250299));
#1267 = CARTESIAN_POINT('',(2.349327580819,-0.74535494422));
#1268 = CARTESIAN_POINT('',(2.355140644311,-0.757901005489));
#1269 = CARTESIAN_POINT('',(2.36166458072,-0.770353481887));
#1270 = CARTESIAN_POINT('',(2.368959111616,-0.782684367681));
#1271 = CARTESIAN_POINT('',(2.377090634876,-0.794865681898));
#1272 = CARTESIAN_POINT('',(2.386127772452,-0.806861010683));
#1273 = CARTESIAN_POINT('',(2.396141411773,-0.818627099406));
#1274 = CARTESIAN_POINT('',(2.407203350606,-0.83011283285));
#1275 = CARTESIAN_POINT('',(2.419385493582,-0.841260134791));
#1276 = CARTESIAN_POINT('',(2.428299570349,-0.848419868676));
#1277 = CARTESIAN_POINT('',(2.432966381462,-0.851920773515));
#1278 = ( GEOMETRIC_REPRESENTATION_CONTEXT(2) 
PARAMETRIC_REPRESENTATION_CONTEXT() REPRESENTATION_CONTEXT('2D SPACE',''
  ) );
#1279 = ADVANCED_FACE('',(#1280,#1284,#1589,#1935),#339,.T.);
#1280 = FACE_BOUND('',#1281,.T.);
#1281 = VERTEX_LOOP('',#1282);
#1282 = VERTEX_POINT('',#1283);
#1283 = CARTESIAN_POINT('',(13.5,-1.049831847863E-31,27.5));
#1284 = FACE_BOUND('',#1285,.T.);
#1285 = EDGE_LOOP('',(#1286,#1287,#1288,#1540));
#1286 = ORIENTED_EDGE('',*,*,#1030,.F.);
#1287 = ORIENTED_EDGE('',*,*,#322,.T.);
#1288 = ORIENTED_EDGE('',*,*,#1289,.T.);
#1289 = EDGE_CURVE('',#290,#1290,#1292,.T.);
#1290 = VERTEX_POINT('',#1291);
#1291 = CARTESIAN_POINT('',(10.,-3.,15.232173123574));
#1292 = SURFACE_CURVE('',#1293,(#1350,#1445),.PCURVE_S1.);
#1293 = B_SPLINE_CURVE_WITH_KNOTS('',7,(#1294,#1295,#1296,#1297,#1298,
    #1299,#1300,#1301,#1302,#1303,#1304,#1305,#1306,#1307,#1308,#1309,
    #1310,#1311,#1312,#1313,#1314,#1315,#1316,#1317,#1318,#1319,#1320,
    #1321,#1322,#1323,#1324,#1325,#1326,#1327,#1328,#1329,#1330,#1331,
    #1332,#1333,#1334,#1335,#1336,#1337,#1338,#1339,#1340,#1341,#1342,
    #1343,#1344,#1345,#1346,#1347,#1348,#1349),.UNSPECIFIED.,.F.,.F.,(8,
    6,6,6,6,6,6,6,6,8),(4.047902030858E-07,0.44332658707,1.,
    2.29734937907,2.786021660086,3.316689476726,3.751051040046,
    4.118076271076,4.435104751719,4.857601999323),.UNSPECIFIED.);
#1294 = CARTESIAN_POINT('',(8.703094664485,-4.872340218222,22.));
#1295 = CARTESIAN_POINT('',(8.681845081354,-4.880319787521,
    21.906125723258));
#1296 = CARTESIAN_POINT('',(8.661948050463,-4.887470423548,
    21.812014592258));
#1297 = CARTESIAN_POINT('',(8.643457260119,-4.893851240319,
    21.717683001952));
#1298 = CARTESIAN_POINT('',(8.626422406524,-4.899516973477,
    21.623148362484));
#1299 = CARTESIAN_POINT('',(8.610888582233,-4.904517283807,
    21.528429161234));
#1300 = CARTESIAN_POINT('',(8.596895664628,-4.908896060756,
    21.433545024858));
#1301 = CARTESIAN_POINT('',(8.5688847875,-4.917455590501,21.219192232594
    ));
#1302 = CARTESIAN_POINT('',(8.555774991888,-4.921299416682,
    21.099639752703));
#1303 = CARTESIAN_POINT('',(8.545216084655,-4.924296518436,
    20.979901736189));
#1304 = CARTESIAN_POINT('',(8.537260613977,-4.926504549664,
    20.860022190643));
#1305 = CARTESIAN_POINT('',(8.531944713181,-4.927963161377,
    20.740046800925));
#1306 = CARTESIAN_POINT('',(8.529286904837,-4.928692658867,
    20.620022993371));
#1307 = CARTESIAN_POINT('',(8.529286904837,-4.928692658867,
    20.220281672687));
#1308 = CARTESIAN_POINT('',(8.543722865016,-4.924731043866,
    19.940550763645));
#1309 = CARTESIAN_POINT('',(8.572597132117,-4.916806944868,
    19.661458490914));
#1310 = CARTESIAN_POINT('',(8.615363471111,-4.904339871212,
    19.383569113314));
#1311 = CARTESIAN_POINT('',(8.670968045492,-4.886146362267,
    19.107368045695));
#1312 = CARTESIAN_POINT('',(8.738060094609,-4.860745423724,
    18.833279558699));
#1313 = CARTESIAN_POINT('',(8.844037571254,-4.813452180713,
    18.459371056083));
#1314 = CARTESIAN_POINT('',(8.874437277383,-4.799242111356,
    18.357418073106));
#1315 = CARTESIAN_POINT('',(8.906155021713,-4.783668259643,
    18.25583597937));
#1316 = CARTESIAN_POINT('',(8.939100375278,-4.766632377184,
    18.15464468929));
#1317 = CARTESIAN_POINT('',(8.973177483022,-4.748031459393,
    18.053865084863));
#1318 = CARTESIAN_POINT('',(9.008284830541,-4.727757649726,
    17.95351906707));
#1319 = CARTESIAN_POINT('',(9.083441553997,-4.681742887532,
    17.745155843576));
#1320 = CARTESIAN_POINT('',(9.12365541091,-4.655682522203,17.6372232221)
  );
#1321 = CARTESIAN_POINT('',(9.164819078068,-4.627371553761,
    17.529859471622));
#1322 = CARTESIAN_POINT('',(9.206785267811,-4.596659097112,
    17.42309917733));
#1323 = CARTESIAN_POINT('',(9.249394337941,-4.563386791209,
    17.316983835212));
#1324 = CARTESIAN_POINT('',(9.292471721364,-4.527386714015,
    17.211561906452));
#1325 = CARTESIAN_POINT('',(9.371311118776,-4.456632847118,
    17.021212029288));
#1326 = CARTESIAN_POINT('',(9.406980671317,-4.422839720095,
    16.936040045204));
#1327 = CARTESIAN_POINT('',(9.442728564992,-4.38700056407,
    16.851402493046));
#1328 = CARTESIAN_POINT('',(9.478439520308,-4.349012746405,
    16.767337161479));
#1329 = CARTESIAN_POINT('',(9.513985978514,-4.308768524354,
    16.683890229725));
#1330 = CARTESIAN_POINT('',(9.549225653467,-4.266153215258,
    16.601116442949));
#1331 = CARTESIAN_POINT('',(9.613381808113,-4.18292661338,
    16.449759834838));
#1332 = CARTESIAN_POINT('',(9.642430257116,-4.143030620393,
    16.380969609278));
#1333 = CARTESIAN_POINT('',(9.671048328932,-4.101279812269,
    16.312745759758));
#1334 = CARTESIAN_POINT('',(9.699128928595,-4.057597206815,
    16.245135408582));
#1335 = CARTESIAN_POINT('',(9.726551692542,-4.011903021408,
    16.178195983994));
#1336 = CARTESIAN_POINT('',(9.753180713404,-3.964113279249,
    16.111995552614));
#1337 = CARTESIAN_POINT('',(9.801045435124,-3.870971205983,
    15.990137243923));
#1338 = CARTESIAN_POINT('',(9.822520149429,-3.826176648671,
    15.934275587253));
#1339 = CARTESIAN_POINT('',(9.843187625179,-3.779695541313,
    15.879077651114));
#1340 = CARTESIAN_POINT('',(9.862936436766,-3.731470621221,
    15.824605822205));
#1341 = CARTESIAN_POINT('',(9.881640669243,-3.681445917957,
    15.770935778577));
#1342 = CARTESIAN_POINT('',(9.89915807206,-3.629566105889,
    15.718156863528));
#1343 = CARTESIAN_POINT('',(9.936877822312,-3.504090713005,
    15.597360463692));
#1344 = CARTESIAN_POINT('',(9.956025160871,-3.42904300901,15.53014449743
    ));
#1345 = CARTESIAN_POINT('',(9.9724039383,-3.350472510913,15.464934093442
    ));
#1346 = CARTESIAN_POINT('',(9.98556057102,-3.268272491453,
    15.402054915278));
#1347 = CARTESIAN_POINT('',(9.9949616181,-3.182409884132,15.341935432792
    ));
#1348 = CARTESIAN_POINT('',(10.,-3.09293774185,15.285100684044));
#1349 = CARTESIAN_POINT('',(10.,-3.,15.232173123574));
#1350 = PCURVE('',#339,#1351);
#1351 = DEFINITIONAL_REPRESENTATION('',(#1352),#1444);
#1352 = B_SPLINE_CURVE_WITH_KNOTS('',3,(#1353,#1354,#1355,#1356,#1357,
    #1358,#1359,#1360,#1361,#1362,#1363,#1364,#1365,#1366,#1367,#1368,
    #1369,#1370,#1371,#1372,#1373,#1374,#1375,#1376,#1377,#1378,#1379,
    #1380,#1381,#1382,#1383,#1384,#1385,#1386,#1387,#1388,#1389,#1390,
    #1391,#1392,#1393,#1394,#1395,#1396,#1397,#1398,#1399,#1400,#1401,
    #1402,#1403,#1404,#1405,#1406,#1407,#1408,#1409,#1410,#1411,#1412,
    #1413,#1414,#1415,#1416,#1417,#1418,#1419,#1420,#1421,#1422,#1423,
    #1424,#1425,#1426,#1427,#1428,#1429,#1430,#1431,#1432,#1433,#1434,
    #1435,#1436,#1437,#1438,#1439,#1440,#1441,#1442,#1443),
  .UNSPECIFIED.,.F.,.F.,(4,1,1,1,1,1,1,1,1,1,1,1,1,1,1,1,1,1,1,1,1,1,1,1
    ,1,1,1,1,1,1,1,1,1,1,1,1,1,1,1,1,1,1,1,1,1,1,1,1,1,1,1,1,1,1,1,1,1,1
    ,1,1,1,1,1,1,1,1,1,1,1,1,1,1,1,1,1,1,1,1,1,1,1,1,1,1,1,1,1,1,4),(
    4.047902030858E-07,5.520042290989E-02,0.11040044103,0.165600459149,
    0.220800477269,0.276000495389,0.331200513508,0.386400531628,
    0.441600549748,0.496800567867,0.552000585987,0.607200604107,
    0.662400622226,0.717600640346,0.772800658466,0.828000676586,
    0.883200694705,0.938400712825,0.993600730945,1.048800749064,
    1.104000767184,1.159200785304,1.214400803423,1.269600821543,
    1.324800839663,1.380000857782,1.435200875902,1.490400894022,
    1.545600912142,1.600800930261,1.656000948381,1.711200966501,
    1.76640098462,1.82160100274,1.87680102086,1.932001038979,
    1.987201057099,2.042401075219,2.097601093338,2.152801111458,
    2.208001129578,2.263201147697,2.318401165817,2.373601183937,
    2.428801202057,2.484001220176,2.539201238296,2.594401256416,
    2.649601274535,2.704801292655,2.760001310775,2.815201328894,
    2.870401347014,2.925601365134,2.980801383253,3.036001401373,
    3.091201419493,3.146401437613,3.201601455732,3.256801473852,
    3.312001491972,3.367201510091,3.422401528211,3.477601546331,
    3.53280156445,3.58800158257,3.64320160069,3.698401618809,
    3.753601636929,3.808801655049,3.864001673169,3.919201691288,
    3.974401709408,4.029601727528,4.084801745647,4.140001763767,
    4.195201781887,4.250401800006,4.305601818126,4.360801836246,
    4.416001854365,4.471201872485,4.526401890605,4.581601908724,
    4.636801926844,4.692001944964,4.747201963084,4.802401981203,
    4.857601999323),.QUASI_UNIFORM_KNOTS.);
#1353 = CARTESIAN_POINT('',(3.934792185969,0.215960498685));
#1354 = CARTESIAN_POINT('',(3.934386620859,0.211971645508));
#1355 = CARTESIAN_POINT('',(3.933589812146,0.203996879128));
#1356 = CARTESIAN_POINT('',(3.932441135504,0.192042803719));
#1357 = CARTESIAN_POINT('',(3.931342638581,0.180096040837));
#1358 = CARTESIAN_POINT('',(3.930297714819,0.168155884413));
#1359 = CARTESIAN_POINT('',(3.929309589765,0.156221663925));
#1360 = CARTESIAN_POINT('',(3.928381294714,0.144292749856));
#1361 = CARTESIAN_POINT('',(3.927515668331,0.132368549202));
#1362 = CARTESIAN_POINT('',(3.926715352595,0.120448515807));
#1363 = CARTESIAN_POINT('',(3.925982781312,0.108532111889));
#1364 = CARTESIAN_POINT('',(3.925320186751,9.661885877592E-02));
#1365 = CARTESIAN_POINT('',(3.924729587925,8.470833720063E-02));
#1366 = CARTESIAN_POINT('',(3.924212779622,7.280013952627E-02));
#1367 = CARTESIAN_POINT('',(3.923771332308,6.089388205112E-02));
#1368 = CARTESIAN_POINT('',(3.923406588541,4.89892015758E-02));
#1369 = CARTESIAN_POINT('',(3.923119659752,3.708575556972E-02));
#1370 = CARTESIAN_POINT('',(3.922911422286,2.518322417722E-02));
#1371 = CARTESIAN_POINT('',(3.922782513194,1.328130164405E-02));
#1372 = CARTESIAN_POINT('',(3.922733324858,1.379728467002E-03));
#1373 = CARTESIAN_POINT('',(3.922764001582,-1.052182867112E-02));
#1374 = CARTESIAN_POINT('',(3.92287445542,-2.242372555424E-02));
#1375 = CARTESIAN_POINT('',(3.923064348296,-3.432614900277E-02));
#1376 = CARTESIAN_POINT('',(3.923333100308,-4.622937183381E-02));
#1377 = CARTESIAN_POINT('',(3.923679890706,-5.813368616609E-02));
#1378 = CARTESIAN_POINT('',(3.92410366163,-7.003942094073E-02));
#1379 = CARTESIAN_POINT('',(3.924603121845,-8.194693692817E-02));
#1380 = CARTESIAN_POINT('',(3.925176751075,-9.385662782158E-02));
#1381 = CARTESIAN_POINT('',(3.925822804644,-0.105768919757));
#1382 = CARTESIAN_POINT('',(3.926539318374,-0.117684271313));
#1383 = CARTESIAN_POINT('',(3.92732411362,-0.129603173456));
#1384 = CARTESIAN_POINT('',(3.928174802339,-0.141526149558));
#1385 = CARTESIAN_POINT('',(3.929088792093,-0.153453755481));
#1386 = CARTESIAN_POINT('',(3.930063290881,-0.165386579724));
#1387 = CARTESIAN_POINT('',(3.931095311672,-0.17732524363));
#1388 = CARTESIAN_POINT('',(3.932181676557,-0.189270401681));
#1389 = CARTESIAN_POINT('',(3.933319020374,-0.201222741859));
#1390 = CARTESIAN_POINT('',(3.934503793712,-0.213182986092));
#1391 = CARTESIAN_POINT('',(3.935732265148,-0.225151890819));
#1392 = CARTESIAN_POINT('',(3.937000522589,-0.237130247518));
#1393 = CARTESIAN_POINT('',(3.938304473657,-0.249118883851));
#1394 = CARTESIAN_POINT('',(3.939639844632,-0.261118662977));
#1395 = CARTESIAN_POINT('',(3.941002179107,-0.273130490288));
#1396 = CARTESIAN_POINT('',(3.942386831296,-0.285155293004));
#1397 = CARTESIAN_POINT('',(3.943788976941,-0.297194126635));
#1398 = CARTESIAN_POINT('',(3.945203579845,-0.309248025011));
#1399 = CARTESIAN_POINT('',(3.946625397124,-0.321318017622));
#1400 = CARTESIAN_POINT('',(3.948048964823,-0.333405139473));
#1401 = CARTESIAN_POINT('',(3.949468583903,-0.345510430021));
#1402 = CARTESIAN_POINT('',(3.950878304836,-0.357634934545));
#1403 = CARTESIAN_POINT('',(3.952271911824,-0.369779706461));
#1404 = CARTESIAN_POINT('',(3.953642903744,-0.381945802922));
#1405 = CARTESIAN_POINT('',(3.954984481916,-0.394134305616));
#1406 = CARTESIAN_POINT('',(3.956289490314,-0.406346092309));
#1407 = CARTESIAN_POINT('',(3.957550424918,-0.418582263784));
#1408 = CARTESIAN_POINT('',(3.958759390694,-0.430843806841));
#1409 = CARTESIAN_POINT('',(3.959908061173,-0.443131647691));
#1410 = CARTESIAN_POINT('',(3.960987636202,-0.455446637287));
#1411 = CARTESIAN_POINT('',(3.961988796761,-0.467789552919));
#1412 = CARTESIAN_POINT('',(3.962901657046,-0.480161100346));
#1413 = CARTESIAN_POINT('',(3.963715712505,-0.492561894347));
#1414 = CARTESIAN_POINT('',(3.964419787104,-0.504992521076));
#1415 = CARTESIAN_POINT('',(3.965001966143,-0.517453289901));
#1416 = CARTESIAN_POINT('',(3.965449480978,-0.529944287415));
#1417 = CARTESIAN_POINT('',(3.96574868423,-0.542465665273));
#1418 = CARTESIAN_POINT('',(3.965884932207,-0.555017195717));
#1419 = CARTESIAN_POINT('',(3.965842483001,-0.567598370095));
#1420 = CARTESIAN_POINT('',(3.965604380546,-0.580208364593));
#1421 = CARTESIAN_POINT('',(3.965152335742,-0.592845988458));
#1422 = CARTESIAN_POINT('',(3.964466585805,-0.605509818824));
#1423 = CARTESIAN_POINT('',(3.963525792606,-0.618197583463));
#1424 = CARTESIAN_POINT('',(3.962306786029,-0.630906626599));
#1425 = CARTESIAN_POINT('',(3.96078444712,-0.643633761822));
#1426 = CARTESIAN_POINT('',(3.958931520068,-0.656374787831));
#1427 = CARTESIAN_POINT('',(3.956718375593,-0.669124558447));
#1428 = CARTESIAN_POINT('',(3.954112786637,-0.681876818949));
#1429 = CARTESIAN_POINT('',(3.951079630754,-0.694624366888));
#1430 = CARTESIAN_POINT('',(3.947580901357,-0.707357657976));
#1431 = CARTESIAN_POINT('',(3.94357499936,-0.720066276454));
#1432 = CARTESIAN_POINT('',(3.939016875776,-0.732737250299));
#1433 = CARTESIAN_POINT('',(3.933857726361,-0.74535494422));
#1434 = CARTESIAN_POINT('',(3.928044662869,-0.757901005489));
#1435 = CARTESIAN_POINT('',(3.92152072646,-0.770353481887));
#1436 = CARTESIAN_POINT('',(3.914226195564,-0.782684367681));
#1437 = CARTESIAN_POINT('',(3.906094672304,-0.794865681898));
#1438 = CARTESIAN_POINT('',(3.897057534727,-0.806861010683));
#1439 = CARTESIAN_POINT('',(3.887043895406,-0.818627099406));
#1440 = CARTESIAN_POINT('',(3.875981956574,-0.83011283285));
#1441 = CARTESIAN_POINT('',(3.863799813598,-0.841260134791));
#1442 = CARTESIAN_POINT('',(3.854885736831,-0.848419868676));
#1443 = CARTESIAN_POINT('',(3.850218925717,-0.851920773515));
#1444 = ( GEOMETRIC_REPRESENTATION_CONTEXT(2) 
PARAMETRIC_REPRESENTATION_CONTEXT() REPRESENTATION_CONTEXT('2D SPACE',''
  ) );
#1445 = PCURVE('',#310,#1446);
#1446 = DEFINITIONAL_REPRESENTATION('',(#1447),#1539);
#1447 = B_SPLINE_CURVE_WITH_KNOTS('',3,(#1448,#1449,#1450,#1451,#1452,
    #1453,#1454,#1455,#1456,#1457,#1458,#1459,#1460,#1461,#1462,#1463,
    #1464,#1465,#1466,#1467,#1468,#1469,#1470,#1471,#1472,#1473,#1474,
    #1475,#1476,#1477,#1478,#1479,#1480,#1481,#1482,#1483,#1484,#1485,
    #1486,#1487,#1488,#1489,#1490,#1491,#1492,#1493,#1494,#1495,#1496,
    #1497,#1498,#1499,#1500,#1501,#1502,#1503,#1504,#1505,#1506,#1507,
    #1508,#1509,#1510,#1511,#1512,#1513,#1514,#1515,#1516,#1517,#1518,
    #1519,#1520,#1521,#1522,#1523,#1524,#1525,#1526,#1527,#1528,#1529,
    #1530,#1531,#1532,#1533,#1534,#1535,#1536,#1537,#1538),
  .UNSPECIFIED.,.F.,.F.,(4,1,1,1,1,1,1,1,1,1,1,1,1,1,1,1,1,1,1,1,1,1,1,1
    ,1,1,1,1,1,1,1,1,1,1,1,1,1,1,1,1,1,1,1,1,1,1,1,1,1,1,1,1,1,1,1,1,1,1
    ,1,1,1,1,1,1,1,1,1,1,1,1,1,1,1,1,1,1,1,1,1,1,1,1,1,1,1,1,1,1,4),(
    4.047902030858E-07,5.520042290989E-02,0.11040044103,0.165600459149,
    0.220800477269,0.276000495389,0.331200513508,0.386400531628,
    0.441600549748,0.496800567867,0.552000585987,0.607200604107,
    0.662400622226,0.717600640346,0.772800658466,0.828000676586,
    0.883200694705,0.938400712825,0.993600730945,1.048800749064,
    1.104000767184,1.159200785304,1.214400803423,1.269600821543,
    1.324800839663,1.380000857782,1.435200875902,1.490400894022,
    1.545600912142,1.600800930261,1.656000948381,1.711200966501,
    1.76640098462,1.82160100274,1.87680102086,1.932001038979,
    1.987201057099,2.042401075219,2.097601093338,2.152801111458,
    2.208001129578,2.263201147697,2.318401165817,2.373601183937,
    2.428801202057,2.484001220176,2.539201238296,2.594401256416,
    2.649601274535,2.704801292655,2.760001310775,2.815201328894,
    2.870401347014,2.925601365134,2.980801383253,3.036001401373,
    3.091201419493,3.146401437613,3.201601455732,3.256801473852,
    3.312001491972,3.367201510091,3.422401528211,3.477601546331,
    3.53280156445,3.58800158257,3.64320160069,3.698401618809,
    3.753601636929,3.808801655049,3.864001673169,3.919201691288,
    3.974401709408,4.029601727528,4.084801745647,4.140001763767,
    4.195201781887,4.250401800006,4.305601818126,4.360801836246,
    4.416001854365,4.471201872485,4.526401890605,4.581601908724,
    4.636801926844,4.692001944964,4.747201963084,4.802401981203,
    4.857601999323),.QUASI_UNIFORM_KNOTS.);
#1448 = CARTESIAN_POINT('',(-1.211572902657,10.));
#1449 = CARTESIAN_POINT('',(-1.214870199416,9.972726620902));
#1450 = CARTESIAN_POINT('',(-1.22129575941,9.918128386981));
#1451 = CARTESIAN_POINT('',(-1.230421934632,9.83608358943));
#1452 = CARTESIAN_POINT('',(-1.23903087905,9.753898241934));
#1453 = CARTESIAN_POINT('',(-1.247117533061,9.671579534441));
#1454 = CARTESIAN_POINT('',(-1.254676897573,9.589134853762));
#1455 = CARTESIAN_POINT('',(-1.261704074481,9.50657182008));
#1456 = CARTESIAN_POINT('',(-1.268194311568,9.423898265342));
#1457 = CARTESIAN_POINT('',(-1.2741430381,9.341122311277));
#1458 = CARTESIAN_POINT('',(-1.279545926986,9.258252106983));
#1459 = CARTESIAN_POINT('',(-1.284398902046,9.175296188592));
#1460 = CARTESIAN_POINT('',(-1.288698185379,9.092263485556));
#1461 = CARTESIAN_POINT('',(-1.292440355147,9.009162991795));
#1462 = CARTESIAN_POINT('',(-1.295622367027,8.926003855257));
#1463 = CARTESIAN_POINT('',(-1.298241582559,8.842795356965));
#1464 = CARTESIAN_POINT('',(-1.30029579277,8.75954691458));
#1465 = CARTESIAN_POINT('',(-1.301783240105,8.676268098413));
#1466 = CARTESIAN_POINT('',(-1.302702637777,8.592968573107));
#1467 = CARTESIAN_POINT('',(-1.303053186526,8.509658324223));
#1468 = CARTESIAN_POINT('',(-1.302834588988,8.4263468195));
#1469 = CARTESIAN_POINT('',(-1.30204702177,8.343043369459));
#1470 = CARTESIAN_POINT('',(-1.300691171889,8.259758468506));
#1471 = CARTESIAN_POINT('',(-1.298768220994,8.176502011));
#1472 = CARTESIAN_POINT('',(-1.296279829007,8.09328375943));
#1473 = CARTESIAN_POINT('',(-1.293228113497,8.010113223582));
#1474 = CARTESIAN_POINT('',(-1.289615626001,7.926999697795));
#1475 = CARTESIAN_POINT('',(-1.28544532525,7.843952256074));
#1476 = CARTESIAN_POINT('',(-1.28072054763,7.760979758701));
#1477 = CARTESIAN_POINT('',(-1.275444975128,7.678090855927));
#1478 = CARTESIAN_POINT('',(-1.26962260105,7.595293992591));
#1479 = CARTESIAN_POINT('',(-1.263257693776,7.512597412597));
#1480 = CARTESIAN_POINT('',(-1.256354758855,7.430009163507));
#1481 = CARTESIAN_POINT('',(-1.248918499703,7.34753710116));
#1482 = CARTESIAN_POINT('',(-1.240953777173,7.2651888943));
#1483 = CARTESIAN_POINT('',(-1.232465568253,7.182972029204));
#1484 = CARTESIAN_POINT('',(-1.22345892413,7.10089381425));
#1485 = CARTESIAN_POINT('',(-1.213938927826,7.018961384503));
#1486 = CARTESIAN_POINT('',(-1.203910651557,6.937181705964));
#1487 = CARTESIAN_POINT('',(-1.193379114143,6.855561580662));
#1488 = CARTESIAN_POINT('',(-1.182349237861,6.7741076481));
#1489 = CARTESIAN_POINT('',(-1.170825807529,6.692826399691));
#1490 = CARTESIAN_POINT('',(-1.158813421634,6.611724143961));
#1491 = CARTESIAN_POINT('',(-1.146316473553,6.530807154681));
#1492 = CARTESIAN_POINT('',(-1.133338993461,6.450080967152));
#1493 = CARTESIAN_POINT('',(-1.11988476302,6.369551407545));
#1494 = CARTESIAN_POINT('',(-1.10595726334,6.289224475576));
#1495 = CARTESIAN_POINT('',(-1.091559631623,6.209106290019));
#1496 = CARTESIAN_POINT('',(-1.076694627451,6.1292031057));
#1497 = CARTESIAN_POINT('',(-1.061364595059,6.049521314296));
#1498 = CARTESIAN_POINT('',(-1.045571422073,5.970067438451));
#1499 = CARTESIAN_POINT('',(-1.02931650687,5.890848168796));
#1500 = CARTESIAN_POINT('',(-1.012600686188,5.81187023605));
#1501 = CARTESIAN_POINT('',(-0.995424520112,5.733141895468));
#1502 = CARTESIAN_POINT('',(-0.977787654289,5.654670180069));
#1503 = CARTESIAN_POINT('',(-0.959689235647,5.576463072568));
#1504 = CARTESIAN_POINT('',(-0.941127801107,5.498529161477));
#1505 = CARTESIAN_POINT('',(-0.922101249731,5.420877733451));
#1506 = CARTESIAN_POINT('',(-0.902606787459,5.343518757805));
#1507 = CARTESIAN_POINT('',(-0.88264086208,5.266462866121));
#1508 = CARTESIAN_POINT('',(-0.862199128448,5.189721459325));
#1509 = CARTESIAN_POINT('',(-0.841276266434,5.113306309778));
#1510 = CARTESIAN_POINT('',(-0.819866322389,5.037231055861));
#1511 = CARTESIAN_POINT('',(-0.797962519295,4.961510860993));
#1512 = CARTESIAN_POINT('',(-0.775556662766,4.886160598307));
#1513 = CARTESIAN_POINT('',(-0.752639791761,4.811197516782));
#1514 = CARTESIAN_POINT('',(-0.729201882512,4.736640573983));
#1515 = CARTESIAN_POINT('',(-0.705231753934,4.662510572888));
#1516 = CARTESIAN_POINT('',(-0.680716996917,4.588830369752));
#1517 = CARTESIAN_POINT('',(-0.655643502501,4.515623993699));
#1518 = CARTESIAN_POINT('',(-0.62999647518,4.442920068303));
#1519 = CARTESIAN_POINT('',(-0.603759195765,4.370749007335));
#1520 = CARTESIAN_POINT('',(-0.576913051136,4.299143639866));
#1521 = CARTESIAN_POINT('',(-0.549438167242,4.228141750665));
#1522 = CARTESIAN_POINT('',(-0.521312865662,4.157785396706));
#1523 = CARTESIAN_POINT('',(-0.492513549528,4.088121487539));
#1524 = CARTESIAN_POINT('',(-0.463013794828,4.019200534091));
#1525 = CARTESIAN_POINT('',(-0.432786923153,3.951083745722));
#1526 = CARTESIAN_POINT('',(-0.401801803298,3.883834583996));
#1527 = CARTESIAN_POINT('',(-0.370026022362,3.817527135256));
#1528 = CARTESIAN_POINT('',(-0.337425193139,3.75224588183));
#1529 = CARTESIAN_POINT('',(-0.303961956766,3.688085103291));
#1530 = CARTESIAN_POINT('',(-0.269596963682,3.625152404897));
#1531 = CARTESIAN_POINT('',(-0.234294655873,3.563579655106));
#1532 = CARTESIAN_POINT('',(-0.198004084841,3.503491413047));
#1533 = CARTESIAN_POINT('',(-0.160680545644,3.445045941591));
#1534 = CARTESIAN_POINT('',(-0.122280478716,3.3884250857));
#1535 = CARTESIAN_POINT('',(-8.276214237194E-02,3.333836779701));
#1536 = CARTESIAN_POINT('',(-4.208467258766E-02,3.281510831766));
#1537 = CARTESIAN_POINT('',(-1.41661562266E-02,3.248310301577));
#1538 = CARTESIAN_POINT('',(0.,3.232173123574));
#1539 = ( GEOMETRIC_REPRESENTATION_CONTEXT(2) 
PARAMETRIC_REPRESENTATION_CONTEXT() REPRESENTATION_CONTEXT('2D SPACE',''
  ) );
#1540 = ORIENTED_EDGE('',*,*,#1541,.T.);
#1541 = EDGE_CURVE('',#1290,#1005,#1542,.T.);
#1542 = SURFACE_CURVE('',#1543,(#1548,#1582),.PCURVE_S1.);
#1543 = CIRCLE('',#1544,6.062177826491);
#1544 = AXIS2_PLACEMENT_3D('',#1545,#1546,#1547);
#1545 = CARTESIAN_POINT('',(10.,0.,20.5));
#1546 = DIRECTION('',(1.,0.,0.));
#1547 = DIRECTION('',(-0.,0.,1.));
#1548 = PCURVE('',#339,#1549);
#1549 = DEFINITIONAL_REPRESENTATION('',(#1550),#1581);
#1550 = B_SPLINE_CURVE_WITH_KNOTS('',8,(#1551,#1552,#1553,#1554,#1555,
    #1556,#1557,#1558,#1559,#1560,#1561,#1562,#1563,#1564,#1565,#1566,
    #1567,#1568,#1569,#1570,#1571,#1572,#1573,#1574,#1575,#1576,#1577,
    #1578,#1579,#1580),.UNSPECIFIED.,.F.,.F.,(9,7,7,7,9),(2.623905521731
    ,2.882749087661,3.076881762107,3.368080773778,3.659279785448),
  .UNSPECIFIED.);
#1551 = CARTESIAN_POINT('',(3.850218925717,-0.851920773515));
#1552 = CARTESIAN_POINT('',(3.822145979677,-0.872977418488));
#1553 = CARTESIAN_POINT('',(3.791937904449,-0.893245902102));
#1554 = CARTESIAN_POINT('',(3.75944409459,-0.912630992601));
#1555 = CARTESIAN_POINT('',(3.724521118625,-0.931024818421));
#1556 = CARTESIAN_POINT('',(3.687042156836,-0.948306052464));
#1557 = CARTESIAN_POINT('',(3.646925237146,-0.964340248574));
#1558 = CARTESIAN_POINT('',(3.604170264284,-0.978984275851));
#1559 = CARTESIAN_POINT('',(3.524938267358,-1.001932936971));
#1560 = CARTESIAN_POINT('',(3.489563801162,-1.010907128984));
#1561 = CARTESIAN_POINT('',(3.452821360692,-1.018961327479));
#1562 = CARTESIAN_POINT('',(3.414795942942,-1.026036871622));
#1563 = CARTESIAN_POINT('',(3.375617980168,-1.032078928593));
#1564 = CARTESIAN_POINT('',(3.335465124708,-1.037039867738));
#1565 = CARTESIAN_POINT('',(3.294555458577,-1.040882565101));
#1566 = CARTESIAN_POINT('',(3.19099713164,-1.047635248138));
#1567 = CARTESIAN_POINT('',(3.127706194047,-1.049118097714));
#1568 = CARTESIAN_POINT('',(3.064079507407,-1.047952736505));
#1569 = CARTESIAN_POINT('',(3.001058358515,-1.044125757399));
#1570 = CARTESIAN_POINT('',(2.939598341278,-1.037708456585));
#1571 = CARTESIAN_POINT('',(2.880424192276,-1.028846737632));
#1572 = CARTESIAN_POINT('',(2.824017391307,-1.017721043916));
#1573 = CARTESIAN_POINT('',(2.71729019241,-0.991331817879));
#1574 = CARTESIAN_POINT('',(2.666969578253,-0.976068285972));
#1575 = CARTESIAN_POINT('',(2.619969062287,-0.958930614285));
#1576 = CARTESIAN_POINT('',(2.576354337879,-0.940127967548));
#1577 = CARTESIAN_POINT('',(2.536034118093,-0.919858786119));
#1578 = CARTESIAN_POINT('',(2.49883268538,-0.898300714949));
#1579 = CARTESIAN_POINT('',(2.464548445758,-0.87560949911));
#1580 = CARTESIAN_POINT('',(2.432966381462,-0.851920773515));
#1581 = ( GEOMETRIC_REPRESENTATION_CONTEXT(2) 
PARAMETRIC_REPRESENTATION_CONTEXT() REPRESENTATION_CONTEXT('2D SPACE',''
  ) );
#1582 = PCURVE('',#656,#1583);
#1583 = DEFINITIONAL_REPRESENTATION('',(#1584),#1588);
#1584 = CIRCLE('',#1585,6.062177826491);
#1585 = AXIS2_PLACEMENT_2D('',#1586,#1587);
#1586 = CARTESIAN_POINT('',(8.5,-5.));
#1587 = DIRECTION('',(1.,0.));
#1588 = ( GEOMETRIC_REPRESENTATION_CONTEXT(2) 
PARAMETRIC_REPRESENTATION_CONTEXT() REPRESENTATION_CONTEXT('2D SPACE',''
  ) );
#1589 = FACE_BOUND('',#1590,.T.);
#1590 = EDGE_LOOP('',(#1591,#1870,#1899));
#1591 = ORIENTED_EDGE('',*,*,#1592,.F.);
#1592 = EDGE_CURVE('',#1593,#1595,#1597,.T.);
#1593 = VERTEX_POINT('',#1594);
#1594 = CARTESIAN_POINT('',(11.081708337209,3.433928571429,26.1));
#1595 = VERTEX_POINT('',#1596);
#1596 = CARTESIAN_POINT('',(15.816203659776,2.8,26.482909042133));
#1597 = SURFACE_CURVE('',#1598,(#1685,#1775),.PCURVE_S1.);
#1598 = B_SPLINE_CURVE_WITH_KNOTS('',8,(#1599,#1600,#1601,#1602,#1603,
    #1604,#1605,#1606,#1607,#1608,#1609,#1610,#1611,#1612,#1613,#1614,
    #1615,#1616,#1617,#1618,#1619,#1620,#1621,#1622,#1623,#1624,#1625,
    #1626,#1627,#1628,#1629,#1630,#1631,#1632,#1633,#1634,#1635,#1636,
    #1637,#1638,#1639,#1640,#1641,#1642,#1643,#1644,#1645,#1646,#1647,
    #1648,#1649,#1650,#1651,#1652,#1653,#1654,#1655,#1656,#1657,#1658,
    #1659,#1660,#1661,#1662,#1663,#1664,#1665,#1666,#1667,#1668,#1669,
    #1670,#1671,#1672,#1673,#1674,#1675,#1676,#1677,#1678,#1679,#1680,
    #1681,#1682,#1683,#1684),.UNSPECIFIED.,.F.,.F.,(9,7,7,7,7,7,7,7,7,7,
    7,7,9),(0.,0.24123511235,0.343259449851,0.391564096176,
    0.445860683239,0.501927673873,0.549221273154,0.596521543641,
    0.652601478079,0.703537268077,0.745400410628,0.823188746309,1.),
  .UNSPECIFIED.);
#1599 = CARTESIAN_POINT('',(11.081708337209,3.433928571429,26.1));
#1600 = CARTESIAN_POINT('',(11.092008380174,3.241893015154,
    26.222204444902));
#1601 = CARTESIAN_POINT('',(11.115917456645,3.047523798309,
    26.341121301864));
#1602 = CARTESIAN_POINT('',(11.154732750942,2.851774776789,
    26.45659291194));
#1603 = CARTESIAN_POINT('',(11.209742436519,2.655969725599,
    26.568243991604));
#1604 = CARTESIAN_POINT('',(11.282152668945,2.461830575392,
    26.675533063443));
#1605 = CARTESIAN_POINT('',(11.373017689688,2.271481505227,
    26.777780146428));
#1606 = CARTESIAN_POINT('',(11.483100636222,2.087421431743,
    26.874189583733));
#1607 = CARTESIAN_POINT('',(11.667856026158,1.838490751646,
    27.001778832545));
#1608 = CARTESIAN_POINT('',(11.726269479125,1.766179737636,
    27.038471619919));
#1609 = CARTESIAN_POINT('',(11.788214122306,1.695759212125,
    27.073867267514));
#1610 = CARTESIAN_POINT('',(11.853693166477,1.62747786505,
    27.107882112005));
#1611 = CARTESIAN_POINT('',(11.922673160425,1.561614158049,
    27.140419863903));
#1612 = CARTESIAN_POINT('',(11.995073750683,1.498468428097,
    27.17137564424));
#1613 = CARTESIAN_POINT('',(12.070755928417,1.438352241157,
    27.200640587528));
#1614 = CARTESIAN_POINT('',(12.186795237821,1.354693128044,
    27.241111318575));
#1615 = CARTESIAN_POINT('',(12.224763909413,1.32856415077,
    27.253710324938));
#1616 = CARTESIAN_POINT('',(12.263389923237,1.303221909979,
    27.26589213769));
#1617 = CARTESIAN_POINT('',(12.302640820111,1.278702599428,
    27.277643745635));
#1618 = CARTESIAN_POINT('',(12.342475550101,1.255043677908,
    27.288951540983));
#1619 = CARTESIAN_POINT('',(12.382843651032,1.232282595771,
    27.299801907117));
#1620 = CARTESIAN_POINT('',(12.42368459207,1.210455330757,
    27.310181871906));
#1621 = CARTESIAN_POINT('',(12.511285914443,1.166146486572,
    27.331205571061));
#1622 = CARTESIAN_POINT('',(12.558159566855,1.143915879947,
    27.341724075111));
#1623 = CARTESIAN_POINT('',(12.60543413893,1.12295693182,27.35161533327)
  );
#1624 = CARTESIAN_POINT('',(12.652978050389,1.103316992413,
    27.360862395788));
#1625 = CARTESIAN_POINT('',(12.70064399908,1.085031938117,
    27.369453455492));
#1626 = CARTESIAN_POINT('',(12.748272753206,1.068122644742,27.3773833548
    ));
#1627 = CARTESIAN_POINT('',(12.795698978079,1.052592739483,
    27.384654512854));
#1628 = CARTESIAN_POINT('',(12.891353666803,1.023800653894,
    27.398115975444));
#1629 = CARTESIAN_POINT('',(12.939576737888,1.010623215014,
    27.404265973761));
#1630 = CARTESIAN_POINT('',(12.98723461218,0.998885579236,
    27.409735715104));
#1631 = CARTESIAN_POINT('',(13.034187312544,0.988539029805,
    27.414551181026));
#1632 = CARTESIAN_POINT('',(13.080352884328,0.979511382288,
    27.418748563897));
#1633 = CARTESIAN_POINT('',(13.125705961535,0.971720076396,
    27.422368183971));
#1634 = CARTESIAN_POINT('',(13.170270598037,0.965082846306,
    27.425449646868));
#1635 = CARTESIAN_POINT('',(13.251084530064,0.95483863559,27.43020333625
    ));
#1636 = CARTESIAN_POINT('',(13.287551210479,0.950919045659,
    27.432021067091));
#1637 = CARTESIAN_POINT('',(13.323561332194,0.947720958405,
    27.433503525997));
#1638 = CARTESIAN_POINT('',(13.359186439987,0.945204406045,
    27.434669684255));
#1639 = CARTESIAN_POINT('',(13.394511037917,0.943337689843,
    27.435534527676));
#1640 = CARTESIAN_POINT('',(13.429629228903,0.942098877152,
    27.436108403377));
#1641 = CARTESIAN_POINT('',(13.464642652225,0.941476799952,
    27.436396578059));
#1642 = CARTESIAN_POINT('',(13.534681725175,0.941466309107,
    27.436401437901));
#1643 = CARTESIAN_POINT('',(13.569698594102,0.94207807088,
    27.436118041798));
#1644 = CARTESIAN_POINT('',(13.604818794633,0.943306608246,
    27.435548927233));
#1645 = CARTESIAN_POINT('',(13.640144058141,0.94516296444,
    27.434688886381));
#1646 = CARTESIAN_POINT('',(13.675768618958,0.94766895835,
    27.433527626008));
#1647 = CARTESIAN_POINT('',(13.711777159139,0.950856190964,
    27.432050207001));
#1648 = CARTESIAN_POINT('',(13.748241457512,0.954764557841,
    27.430237693286));
#1649 = CARTESIAN_POINT('',(13.829053029493,0.964983861592,
    27.425495600104));
#1650 = CARTESIAN_POINT('',(13.873617563778,0.971607428879,
    27.422420509616));
#1651 = CARTESIAN_POINT('',(13.918970478504,0.979384670194,
    27.418807463083));
#1652 = CARTESIAN_POINT('',(13.965136394424,0.988397898326,
    27.414616836929));
#1653 = CARTESIAN_POINT('',(14.01209048079,0.998729805528,
    27.409808253985));
#1654 = CARTESIAN_POINT('',(14.059751239765,1.010452786065,
    27.404345428863));
#1655 = CARTESIAN_POINT('',(14.107979014878,1.023615813851,
    27.398202264305));
#1656 = CARTESIAN_POINT('',(14.200723302165,1.051501498182,
    27.385164829809));
#1657 = CARTESIAN_POINT('',(14.24518996731,1.06597503524,27.378388953722
    ));
#1658 = CARTESIAN_POINT('',(14.289845740482,1.081661789047,
    27.371033913935));
#1659 = CARTESIAN_POINT('',(14.334554293394,1.098559952644,
    27.363097193067));
#1660 = CARTESIAN_POINT('',(14.379183215458,1.116654148566,
    27.354582233812));
#1661 = CARTESIAN_POINT('',(14.42360843436,1.135916929302,
    27.345497826642));
#1662 = CARTESIAN_POINT('',(14.467717289699,1.1563112391,27.335857064047
    ));
#1663 = CARTESIAN_POINT('',(14.547320668278,1.195449969744,
    27.317308127338));
#1664 = CARTESIAN_POINT('',(14.582954416647,1.213843317435,
    27.308574343933));
#1665 = CARTESIAN_POINT('',(14.618261721218,1.232952874336,
    27.299481907029));
#1666 = CARTESIAN_POINT('',(14.653199235323,1.25275571672,
    27.290039060877));
#1667 = CARTESIAN_POINT('',(14.687729736016,1.273227793376,
    27.280254540216));
#1668 = CARTESIAN_POINT('',(14.721821810888,1.294344715989,
    27.270137212449));
#1669 = CARTESIAN_POINT('',(14.755449544881,1.316082549518,
    27.259695719806));
#1670 = CARTESIAN_POINT('',(14.850176512001,1.379922519563,
    27.228948803566));
#1671 = CARTESIAN_POINT('',(14.910074871529,1.423484748611,
    27.207871551128));
#1672 = CARTESIAN_POINT('',(14.968162843819,1.468962433549,
    27.185756611699));
#1673 = CARTESIAN_POINT('',(15.024348205929,1.516211511435,
    27.162655022893));
#1674 = CARTESIAN_POINT('',(15.078566694768,1.565090694126,
    27.138616778587));
#1675 = CARTESIAN_POINT('',(15.130777748029,1.615465449849,
    27.113688995057));
#1676 = CARTESIAN_POINT('',(15.180960245116,1.667211984763,
    27.087914077122));
#1677 = CARTESIAN_POINT('',(15.338547647827,1.84071011351,
    27.000898026198));
#1678 = CARTESIAN_POINT('',(15.437393781593,1.967630476608,
    26.936322747429));
#1679 = CARTESIAN_POINT('',(15.525623428843,2.099693620079,
    26.86802752892));
#1680 = CARTESIAN_POINT('',(15.603368208712,2.235703329173,
    26.796406568319));
#1681 = CARTESIAN_POINT('',(15.670897954668,2.374587589069,
    26.721813478889));
#1682 = CARTESIAN_POINT('',(15.728585560003,2.515419194465,
    26.644551573046));
#1683 = CARTESIAN_POINT('',(15.77686617789,2.657427054535,
    26.564862129396));
#1684 = CARTESIAN_POINT('',(15.816203659776,2.8,26.482909042133));
#1685 = PCURVE('',#339,#1686);
#1686 = DEFINITIONAL_REPRESENTATION('',(#1687),#1774);
#1687 = B_SPLINE_CURVE_WITH_KNOTS('',8,(#1688,#1689,#1690,#1691,#1692,
    #1693,#1694,#1695,#1696,#1697,#1698,#1699,#1700,#1701,#1702,#1703,
    #1704,#1705,#1706,#1707,#1708,#1709,#1710,#1711,#1712,#1713,#1714,
    #1715,#1716,#1717,#1718,#1719,#1720,#1721,#1722,#1723,#1724,#1725,
    #1726,#1727,#1728,#1729,#1730,#1731,#1732,#1733,#1734,#1735,#1736,
    #1737,#1738,#1739,#1740,#1741,#1742,#1743,#1744,#1745,#1746,#1747,
    #1748,#1749,#1750,#1751,#1752,#1753,#1754,#1755,#1756,#1757,#1758,
    #1759,#1760,#1761,#1762,#1763,#1764,#1765,#1766,#1767,#1768,#1769,
    #1770,#1771,#1772,#1773),.UNSPECIFIED.,.F.,.F.,(9,7,7,7,7,7,7,7,7,7,
    7,7,9),(0.,0.24123511235,0.343259449851,0.391564096176,
    0.445860683239,0.501927673873,0.549221273154,0.596521543641,
    0.652601478079,0.703537268077,0.745400410628,0.823188746309,1.),
  .UNSPECIFIED.);
#1688 = CARTESIAN_POINT('',(2.18435872221,0.927295218002));
#1689 = CARTESIAN_POINT('',(2.208680058541,0.956391514407));
#1690 = CARTESIAN_POINT('',(2.232828236952,0.985995066223));
#1691 = CARTESIAN_POINT('',(2.256579081236,1.016184852872));
#1692 = CARTESIAN_POINT('',(2.279591753476,1.047011462209));
#1693 = CARTESIAN_POINT('',(2.301427276065,1.07850644359));
#1694 = CARTESIAN_POINT('',(2.321300421037,1.110672244626));
#1695 = CARTESIAN_POINT('',(2.338171085366,1.143493184056));
#1696 = CARTESIAN_POINT('',(2.354296985499,1.19098172321));
#1697 = CARTESIAN_POINT('',(2.358096306177,1.205186445668));
#1698 = CARTESIAN_POINT('',(2.36071185074,1.219472851148));
#1699 = CARTESIAN_POINT('',(2.361903377279,1.233824194203));
#1700 = CARTESIAN_POINT('',(2.361367381016,1.248214992227));
#1701 = CARTESIAN_POINT('',(2.358712642247,1.262608429247));
#1702 = CARTESIAN_POINT('',(2.353424464047,1.276951545385));
#1703 = CARTESIAN_POINT('',(2.340742576612,1.297899263295));
#1704 = CARTESIAN_POINT('',(2.335924346544,1.304600853793));
#1705 = CARTESIAN_POINT('',(2.330290713781,1.31126451774));
#1706 = CARTESIAN_POINT('',(2.323762239024,1.317879955971));
#1707 = CARTESIAN_POINT('',(2.316251207521,1.324434826379));
#1708 = CARTESIAN_POINT('',(2.307662295974,1.330914602538));
#1709 = CARTESIAN_POINT('',(2.297894938292,1.337302500433));
#1710 = CARTESIAN_POINT('',(2.274429451031,1.350635072102));
#1711 = CARTESIAN_POINT('',(2.260391972001,1.357551658398));
#1712 = CARTESIAN_POINT('',(2.244593943296,1.364300049153));
#1713 = CARTESIAN_POINT('',(2.226894657892,1.370847834049));
#1714 = CARTESIAN_POINT('',(2.207164977245,1.377159784379));
#1715 = CARTESIAN_POINT('',(2.185304235746,1.383199117683));
#1716 = CARTESIAN_POINT('',(2.161262783935,1.388929618151));
#1717 = CARTESIAN_POINT('',(2.108023516258,1.399883321868));
#1718 = CARTESIAN_POINT('',(2.07867263736,1.405086061108));
#1719 = CARTESIAN_POINT('',(2.047052065552,1.409888854499));
#1720 = CARTESIAN_POINT('',(2.013259794345,1.414264151094));
#1721 = CARTESIAN_POINT('',(1.977458682998,1.418194833938));
#1722 = CARTESIAN_POINT('',(1.93986856589,1.421673127113));
#1723 = CARTESIAN_POINT('',(1.900749067247,1.424698400895));
#1724 = CARTESIAN_POINT('',(1.826315223842,1.429446337635));
#1725 = CARTESIAN_POINT('',(1.791356778641,1.431299202959));
#1726 = CARTESIAN_POINT('',(1.755645460204,1.432835283238));
#1727 = CARTESIAN_POINT('',(1.719335836009,1.434058624426));
#1728 = CARTESIAN_POINT('',(1.682583339331,1.434973375287));
#1729 = CARTESIAN_POINT('',(1.645539970609,1.435582877635));
#1730 = CARTESIAN_POINT('',(1.60835172728,1.435888977675));
#1731 = CARTESIAN_POINT('',(1.533958550296,1.435894139638));
#1732 = CARTESIAN_POINT('',(1.496762939691,1.435593115291));
#1733 = CARTESIAN_POINT('',(1.459710132235,1.43498862377));
#1734 = CARTESIAN_POINT('',(1.42294615805,1.43407883776));
#1735 = CARTESIAN_POINT('',(1.386623041256,1.432860428648));
#1736 = CARTESIAN_POINT('',(1.350896241457,1.431329252038));
#1737 = CARTESIAN_POINT('',(1.315920370879,1.429481254421));
#1738 = CARTESIAN_POINT('',(1.241440749476,1.424743597511));
#1739 = CARTESIAN_POINT('',(1.202292413565,1.421723635597));
#1740 = CARTESIAN_POINT('',(1.164671277245,1.418250453134));
#1741 = CARTESIAN_POINT('',(1.128837350442,1.414324612594));
#1742 = CARTESIAN_POINT('',(1.095011040549,1.409953809413));
#1743 = CARTESIAN_POINT('',(1.063355900814,1.405155080169));
#1744 = CARTESIAN_POINT('',(1.033970641739,1.39995591057));
#1745 = CARTESIAN_POINT('',(0.982294206539,1.389342740983));
#1746 = CARTESIAN_POINT('',(0.95959094669,1.383990412166));
#1747 = CARTESIAN_POINT('',(0.93880512904,1.378364138771));
#1748 = CARTESIAN_POINT('',(0.919900426197,1.372493605658));
#1749 = CARTESIAN_POINT('',(0.902799606086,1.366409142667));
#1750 = CARTESIAN_POINT('',(0.887400929066,1.36014014318));
#1751 = CARTESIAN_POINT('',(0.873591016349,1.353714059171));
#1752 = CARTESIAN_POINT('',(0.851114790121,1.34176600811));
#1753 = CARTESIAN_POINT('',(0.841969411395,1.336286226895));
#1754 = CARTESIAN_POINT('',(0.833751658053,1.330729697741));
#1755 = CARTESIAN_POINT('',(0.826395752789,1.325108153475));
#1756 = CARTESIAN_POINT('',(0.81983771759,1.319432014986));
#1757 = CARTESIAN_POINT('',(0.814016554817,1.313710415087));
#1758 = CARTESIAN_POINT('',(0.808875428283,1.307951222386));
#1759 = CARTESIAN_POINT('',(0.795977750103,1.291402037835));
#1760 = CARTESIAN_POINT('',(0.789763612923,1.280538163883));
#1761 = CARTESIAN_POINT('',(0.785383809399,1.269610474344));
#1762 = CARTESIAN_POINT('',(0.782559999059,1.258650974002));
#1763 = CARTESIAN_POINT('',(0.781063623232,1.247683984435));
#1764 = CARTESIAN_POINT('',(0.780707403923,1.236727487064));
#1765 = CARTESIAN_POINT('',(0.781336842686,1.225794466206));
#1766 = CARTESIAN_POINT('',(0.78619681332,1.190118294387));
#1767 = CARTESIAN_POINT('',(0.793989470273,1.165530033755));
#1768 = CARTESIAN_POINT('',(0.80467539423,1.141230219426));
#1769 = CARTESIAN_POINT('',(0.817411318279,1.117265163409));
#1770 = CARTESIAN_POINT('',(0.831632611103,1.09365758989));
#1771 = CARTESIAN_POINT('',(0.846925866652,1.07041482435));
#1772 = CARTESIAN_POINT('',(0.863012503494,1.047527899375));
#1773 = CARTESIAN_POINT('',(0.879679400297,1.024975154104));
#1774 = ( GEOMETRIC_REPRESENTATION_CONTEXT(2) 
PARAMETRIC_REPRESENTATION_CONTEXT() REPRESENTATION_CONTEXT('2D SPACE',''
  ) );
#1775 = PCURVE('',#1776,#1781);
#1776 = CONICAL_SURFACE('',#1777,2.5,0.447519975157);
#1777 = AXIS2_PLACEMENT_3D('',#1778,#1779,#1780);
#1778 = CARTESIAN_POINT('',(13.5,2.8,26.1));
#1779 = DIRECTION('',(-0.,-0.,-1.));
#1780 = DIRECTION('',(1.,0.,0.));
#1781 = DEFINITIONAL_REPRESENTATION('',(#1782),#1869);
#1782 = B_SPLINE_CURVE_WITH_KNOTS('',8,(#1783,#1784,#1785,#1786,#1787,
    #1788,#1789,#1790,#1791,#1792,#1793,#1794,#1795,#1796,#1797,#1798,
    #1799,#1800,#1801,#1802,#1803,#1804,#1805,#1806,#1807,#1808,#1809,
    #1810,#1811,#1812,#1813,#1814,#1815,#1816,#1817,#1818,#1819,#1820,
    #1821,#1822,#1823,#1824,#1825,#1826,#1827,#1828,#1829,#1830,#1831,
    #1832,#1833,#1834,#1835,#1836,#1837,#1838,#1839,#1840,#1841,#1842,
    #1843,#1844,#1845,#1846,#1847,#1848,#1849,#1850,#1851,#1852,#1853,
    #1854,#1855,#1856,#1857,#1858,#1859,#1860,#1861,#1862,#1863,#1864,
    #1865,#1866,#1867,#1868),.UNSPECIFIED.,.F.,.F.,(9,7,7,7,7,7,7,7,7,7,
    7,7,9),(0.,0.24123511235,0.343259449851,0.391564096176,
    0.445860683239,0.501927673873,0.549221273154,0.596521543641,
    0.652601478079,0.703537268077,0.745400410628,0.823188746309,1.),
  .UNSPECIFIED.);
#1783 = CARTESIAN_POINT('',(-2.885222076368,1.022155918641E-14));
#1784 = CARTESIAN_POINT('',(-2.958481035276,-0.122204444902));
#1785 = CARTESIAN_POINT('',(-3.035191573846,-0.241121301864));
#1786 = CARTESIAN_POINT('',(-3.115590608076,-0.35659291194));
#1787 = CARTESIAN_POINT('',(-3.199919450484,-0.468243991604));
#1788 = CARTESIAN_POINT('',(-3.288408634022,-0.575533063443));
#1789 = CARTESIAN_POINT('',(-3.381295990602,-0.677780146428));
#1790 = CARTESIAN_POINT('',(-3.4788020884,-0.774189583733));
#1791 = CARTESIAN_POINT('',(-3.624529265498,-0.901778832545));
#1792 = CARTESIAN_POINT('',(-3.66869349036,-0.938471619919));
#1793 = CARTESIAN_POINT('',(-3.713726845014,-0.973867267514));
#1794 = CARTESIAN_POINT('',(-3.75963381894,-1.007882112005));
#1795 = CARTESIAN_POINT('',(-3.806404380515,-1.040419863903));
#1796 = CARTESIAN_POINT('',(-3.854011677508,-1.07137564424));
#1797 = CARTESIAN_POINT('',(-3.902408187892,-1.100640587528));
#1798 = CARTESIAN_POINT('',(-3.974773049422,-1.141111318575));
#1799 = CARTESIAN_POINT('',(-3.998182364917,-1.153710324938));
#1800 = CARTESIAN_POINT('',(-4.021739074333,-1.16589213769));
#1801 = CARTESIAN_POINT('',(-4.045430245168,-1.177643745635));
#1802 = CARTESIAN_POINT('',(-4.069238908313,-1.188951540983));
#1803 = CARTESIAN_POINT('',(-4.093143784253,-1.199801907117));
#1804 = CARTESIAN_POINT('',(-4.117119032681,-1.210181871906));
#1805 = CARTESIAN_POINT('',(-4.168127953632,-1.231205571061));
#1806 = CARTESIAN_POINT('',(-4.195176420046,-1.241724075111));
#1807 = CARTESIAN_POINT('',(-4.222228121975,-1.25161533327));
#1808 = CARTESIAN_POINT('',(-4.249224184683,-1.260862395788));
#1809 = CARTESIAN_POINT('',(-4.276099108903,-1.269453455492));
#1810 = CARTESIAN_POINT('',(-4.302782553555,-1.2773833548));
#1811 = CARTESIAN_POINT('',(-4.329201953769,-1.284654512854));
#1812 = CARTESIAN_POINT('',(-4.382220494613,-1.298115975444));
#1813 = CARTESIAN_POINT('',(-4.408807861966,-1.304265973761));
#1814 = CARTESIAN_POINT('',(-4.434961867295,-1.309735715104));
#1815 = CARTESIAN_POINT('',(-4.460626602915,-1.314551181026));
#1816 = CARTESIAN_POINT('',(-4.485776653989,-1.318748563897));
#1817 = CARTESIAN_POINT('',(-4.510415083245,-1.322368183971));
#1818 = CARTESIAN_POINT('',(-4.534569208876,-1.325449646868));
#1819 = CARTESIAN_POINT('',(-4.578288212219,-1.33020333625));
#1820 = CARTESIAN_POINT('',(-4.597983777182,-1.332021067091));
#1821 = CARTESIAN_POINT('',(-4.617407425938,-1.333503525997));
#1822 = CARTESIAN_POINT('',(-4.636604102568,-1.334669684255));
#1823 = CARTESIAN_POINT('',(-4.655624847382,-1.335534527676));
#1824 = CARTESIAN_POINT('',(-4.674525243499,-1.336108403377));
#1825 = CARTESIAN_POINT('',(-4.693364602442,-1.336396578059));
#1826 = CARTESIAN_POINT('',(-4.731049832769,-1.336401437901));
#1827 = CARTESIAN_POINT('',(-4.749890978171,-1.336118041798));
#1828 = CARTESIAN_POINT('',(-4.7687923225,-1.335548927233));
#1829 = CARTESIAN_POINT('',(-4.787813225817,-1.334688886381));
#1830 = CARTESIAN_POINT('',(-4.807009338059,-1.333527626008));
#1831 = CARTESIAN_POINT('',(-4.826431788949,-1.332050207001));
#1832 = CARTESIAN_POINT('',(-4.846125640468,-1.330237693286));
#1833 = CARTESIAN_POINT('',(-4.88984223758,-1.325495600104));
#1834 = CARTESIAN_POINT('',(-4.913995573852,-1.322420509616));
#1835 = CARTESIAN_POINT('',(-4.938633048022,-1.318807463083));
#1836 = CARTESIAN_POINT('',(-4.963782272433,-1.314616836929));
#1837 = CARTESIAN_POINT('',(-4.989446591141,-1.309808253985));
#1838 = CARTESIAN_POINT('',(-5.015600836021,-1.304345428863));
#1839 = CARTESIAN_POINT('',(-5.042189282259,-1.298202264305));
#1840 = CARTESIAN_POINT('',(-5.093591469785,-1.285164829809));
#1841 = CARTESIAN_POINT('',(-5.118352879502,-1.278388953722));
#1842 = CARTESIAN_POINT('',(-5.143351456156,-1.271033913935));
#1843 = CARTESIAN_POINT('',(-5.16852741022,-1.263097193067));
#1844 = CARTESIAN_POINT('',(-5.193822274029,-1.254582233812));
#1845 = CARTESIAN_POINT('',(-5.21918088485,-1.245497826642));
#1846 = CARTESIAN_POINT('',(-5.244552815877,-1.235857064047));
#1847 = CARTESIAN_POINT('',(-5.290720073019,-1.217308127338));
#1848 = CARTESIAN_POINT('',(-5.311528084545,-1.208574343933));
#1849 = CARTESIAN_POINT('',(-5.332295677223,-1.199481907029));
#1850 = CARTESIAN_POINT('',(-5.353004145625,-1.190039060877));
#1851 = CARTESIAN_POINT('',(-5.373637589613,-1.180254540216));
#1852 = CARTESIAN_POINT('',(-5.394182812555,-1.170137212449));
#1853 = CARTESIAN_POINT('',(-5.414629219542,-1.159695719806));
#1854 = CARTESIAN_POINT('',(-5.472762714121,-1.128948803566));
#1855 = CARTESIAN_POINT('',(-5.510180737434,-1.107871551128));
#1856 = CARTESIAN_POINT('',(-5.547176055443,-1.085756611699));
#1857 = CARTESIAN_POINT('',(-5.583714303421,-1.062655022893));
#1858 = CARTESIAN_POINT('',(-5.619772125904,-1.038616778587));
#1859 = CARTESIAN_POINT('',(-5.655335820567,-1.013688995057));
#1860 = CARTESIAN_POINT('',(-5.69039998211,-0.987914077122));
#1861 = CARTESIAN_POINT('',(-5.803534311198,-0.900898026198));
#1862 = CARTESIAN_POINT('',(-5.879470783776,-0.836322747429));
#1863 = CARTESIAN_POINT('',(-5.952815265127,-0.76802752892));
#1864 = CARTESIAN_POINT('',(-6.023621628299,-0.696406568319));
#1865 = CARTESIAN_POINT('',(-6.091963026753,-0.621813478889));
#1866 = CARTESIAN_POINT('',(-6.157930616624,-0.544551573046));
#1867 = CARTESIAN_POINT('',(-6.221630726319,-0.464862129396));
#1868 = CARTESIAN_POINT('',(-6.28318530718,-0.382909042133));
#1869 = ( GEOMETRIC_REPRESENTATION_CONTEXT(2) 
PARAMETRIC_REPRESENTATION_CONTEXT() REPRESENTATION_CONTEXT('2D SPACE',''
  ) );
#1870 = ORIENTED_EDGE('',*,*,#1871,.F.);
#1871 = EDGE_CURVE('',#1872,#1593,#1874,.T.);
#1872 = VERTEX_POINT('',#1873);
#1873 = CARTESIAN_POINT('',(15.918291662791,3.433928571429,26.1));
#1874 = SURFACE_CURVE('',#1875,(#1880,#1887),.PCURVE_S1.);
#1875 = CIRCLE('',#1876,4.2);
#1876 = AXIS2_PLACEMENT_3D('',#1877,#1878,#1879);
#1877 = CARTESIAN_POINT('',(13.5,0.,26.1));
#1878 = DIRECTION('',(0.,0.,1.));
#1879 = DIRECTION('',(1.,0.,-0.));
#1880 = PCURVE('',#339,#1881);
#1881 = DEFINITIONAL_REPRESENTATION('',(#1882),#1886);
#1882 = LINE('',#1883,#1884);
#1883 = CARTESIAN_POINT('',(0.,0.927295218002));
#1884 = VECTOR('',#1885,1.);
#1885 = DIRECTION('',(1.,0.));
#1886 = ( GEOMETRIC_REPRESENTATION_CONTEXT(2) 
PARAMETRIC_REPRESENTATION_CONTEXT() REPRESENTATION_CONTEXT('2D SPACE',''
  ) );
#1887 = PCURVE('',#1888,#1893);
#1888 = PLANE('',#1889);
#1889 = AXIS2_PLACEMENT_3D('',#1890,#1891,#1892);
#1890 = CARTESIAN_POINT('',(13.5,2.8,26.1));
#1891 = DIRECTION('',(0.,0.,1.));
#1892 = DIRECTION('',(1.,0.,0.));
#1893 = DEFINITIONAL_REPRESENTATION('',(#1894),#1898);
#1894 = CIRCLE('',#1895,4.2);
#1895 = AXIS2_PLACEMENT_2D('',#1896,#1897);
#1896 = CARTESIAN_POINT('',(0.,-2.8));
#1897 = DIRECTION('',(1.,0.));
#1898 = ( GEOMETRIC_REPRESENTATION_CONTEXT(2) 
PARAMETRIC_REPRESENTATION_CONTEXT() REPRESENTATION_CONTEXT('2D SPACE',''
  ) );
#1899 = ORIENTED_EDGE('',*,*,#1900,.F.);
#1900 = EDGE_CURVE('',#1595,#1872,#1901,.T.);
#1901 = SURFACE_CURVE('',#1902,(#1911,#1923),.PCURVE_S1.);
#1902 = B_SPLINE_CURVE_WITH_KNOTS('',4,(#1903,#1904,#1905,#1906,#1907,
    #1908,#1909,#1910),.UNSPECIFIED.,.F.,.F.,(5,3,5),(0.,0.485024452189,
    1.),.UNSPECIFIED.);
#1903 = CARTESIAN_POINT('',(15.816203659776,2.8,26.482909042133));
#1904 = CARTESIAN_POINT('',(15.837457887081,2.877032835991,
    26.438629401915));
#1905 = CARTESIAN_POINT('',(15.855662035506,2.95424317777,
    26.393587360979));
#1906 = CARTESIAN_POINT('',(15.870942353153,3.031445306685,
    26.347838712361));
#1907 = CARTESIAN_POINT('',(15.896698692049,3.190289175629,
    26.252146216058));
#1908 = CARTESIAN_POINT('',(15.90681965194,3.27191032105,26.202117879392
    ));
#1909 = CARTESIAN_POINT('',(15.913960166386,3.353171498421,
    26.151390864641));
#1910 = CARTESIAN_POINT('',(15.918291662791,3.433928571429,26.1));
#1911 = PCURVE('',#339,#1912);
#1912 = DEFINITIONAL_REPRESENTATION('',(#1913),#1922);
#1913 = B_SPLINE_CURVE_WITH_KNOTS('',4,(#1914,#1915,#1916,#1917,#1918,
    #1919,#1920,#1921),.UNSPECIFIED.,.F.,.F.,(5,3,5),(0.,0.485024452189,
    1.),.UNSPECIFIED.);
#1914 = CARTESIAN_POINT('',(0.879679400297,1.024975154104));
#1915 = CARTESIAN_POINT('',(0.888684603378,1.012789799289));
#1916 = CARTESIAN_POINT('',(0.897885725982,1.000720604639));
#1917 = CARTESIAN_POINT('',(0.907223962962,0.988764067936));
#1918 = CARTESIAN_POINT('',(0.926680505634,0.964334476572));
#1919 = CARTESIAN_POINT('',(0.936811008569,0.95187516114));
#1920 = CARTESIAN_POINT('',(0.947006034152,0.939531138154));
#1921 = CARTESIAN_POINT('',(0.957233931379,0.927295218002));
#1922 = ( GEOMETRIC_REPRESENTATION_CONTEXT(2) 
PARAMETRIC_REPRESENTATION_CONTEXT() REPRESENTATION_CONTEXT('2D SPACE',''
  ) );
#1923 = PCURVE('',#1776,#1924);
#1924 = DEFINITIONAL_REPRESENTATION('',(#1925),#1934);
#1925 = B_SPLINE_CURVE_WITH_KNOTS('',4,(#1926,#1927,#1928,#1929,#1930,
    #1931,#1932,#1933),.UNSPECIFIED.,.F.,.F.,(5,3,5),(0.,0.485024452189,
    1.),.UNSPECIFIED.);
#1926 = CARTESIAN_POINT('',(0.,-0.382909042133));
#1927 = CARTESIAN_POINT('',(-3.325823084061E-02,-0.338629401915));
#1928 = CARTESIAN_POINT('',(-6.577928242923E-02,-0.293587360979));
#1929 = CARTESIAN_POINT('',(-9.759001363703E-02,-0.247838712361));
#1930 = CARTESIAN_POINT('',(-0.161761270885,-0.152146216058));
#1931 = CARTESIAN_POINT('',(-0.194034346817,-0.102117879392));
#1932 = CARTESIAN_POINT('',(-0.225562849696,-5.139086464093E-02));
#1933 = CARTESIAN_POINT('',(-0.256370577222,0.));
#1934 = ( GEOMETRIC_REPRESENTATION_CONTEXT(2) 
PARAMETRIC_REPRESENTATION_CONTEXT() REPRESENTATION_CONTEXT('2D SPACE',''
  ) );
#1935 = FACE_BOUND('',#1936,.T.);
#1936 = EDGE_LOOP('',(#1937,#1976,#2005));
#1937 = ORIENTED_EDGE('',*,*,#1938,.F.);
#1938 = EDGE_CURVE('',#1939,#1941,#1943,.T.);
#1939 = VERTEX_POINT('',#1940);
#1940 = CARTESIAN_POINT('',(15.918291662791,-3.433928571429,26.1));
#1941 = VERTEX_POINT('',#1942);
#1942 = CARTESIAN_POINT('',(15.816203659776,-2.8,26.482909042133));
#1943 = SURFACE_CURVE('',#1944,(#1951,#1961),.PCURVE_S1.);
#1944 = B_SPLINE_CURVE_WITH_KNOTS('',5,(#1945,#1946,#1947,#1948,#1949,
    #1950),.UNSPECIFIED.,.F.,.F.,(6,6),(0.,1.),
  .PIECEWISE_BEZIER_KNOTS.);
#1945 = CARTESIAN_POINT('',(15.918291662791,-3.433928571429,26.1));
#1946 = CARTESIAN_POINT('',(15.911562776916,-3.308474207162,
    26.179834595442));
#1947 = CARTESIAN_POINT('',(15.898478686497,-3.181881531103,
    26.258165781532));
#1948 = CARTESIAN_POINT('',(15.878537650604,-3.054567540063,
    26.334895628433));
#1949 = CARTESIAN_POINT('',(15.851260588057,-2.927058705449,
    26.40987377488));
#1950 = CARTESIAN_POINT('',(15.816203659776,-2.8,26.482909042133));
#1951 = PCURVE('',#339,#1952);
#1952 = DEFINITIONAL_REPRESENTATION('',(#1953),#1960);
#1953 = B_SPLINE_CURVE_WITH_KNOTS('',5,(#1954,#1955,#1956,#1957,#1958,
    #1959),.UNSPECIFIED.,.F.,.F.,(6,6),(0.,1.),
  .PIECEWISE_BEZIER_KNOTS.);
#1954 = CARTESIAN_POINT('',(5.3259513758,0.927295218002));
#1955 = CARTESIAN_POINT('',(5.341840192677,0.946303455012));
#1956 = CARTESIAN_POINT('',(5.357654881642,0.965555926708));
#1957 = CARTESIAN_POINT('',(5.37329979965,0.985074569309));
#1958 = CARTESIAN_POINT('',(5.388652637739,1.004876511903));
#1959 = CARTESIAN_POINT('',(5.403505906883,1.024975154104));
#1960 = ( GEOMETRIC_REPRESENTATION_CONTEXT(2) 
PARAMETRIC_REPRESENTATION_CONTEXT() REPRESENTATION_CONTEXT('2D SPACE',''
  ) );
#1961 = PCURVE('',#1962,#1967);
#1962 = CONICAL_SURFACE('',#1963,2.5,0.447519975157);
#1963 = AXIS2_PLACEMENT_3D('',#1964,#1965,#1966);
#1964 = CARTESIAN_POINT('',(13.5,-2.8,26.1));
#1965 = DIRECTION('',(-0.,-0.,-1.));
#1966 = DIRECTION('',(1.,0.,0.));
#1967 = DEFINITIONAL_REPRESENTATION('',(#1968),#1975);
#1968 = B_SPLINE_CURVE_WITH_KNOTS('',5,(#1969,#1970,#1971,#1972,#1973,
    #1974),.UNSPECIFIED.,.F.,.F.,(6,6),(0.,1.),
  .PIECEWISE_BEZIER_KNOTS.);
#1969 = CARTESIAN_POINT('',(-6.026814729958,1.091454624989E-14));
#1970 = CARTESIAN_POINT('',(-6.074673867583,-7.983459544239E-02));
#1971 = CARTESIAN_POINT('',(-6.124162805097,-0.158165781532));
#1972 = CARTESIAN_POINT('',(-6.175353734563,-0.234895628433));
#1973 = CARTESIAN_POINT('',(-6.228328859254,-0.30987377488));
#1974 = CARTESIAN_POINT('',(-6.28318530718,-0.382909042133));
#1975 = ( GEOMETRIC_REPRESENTATION_CONTEXT(2) 
PARAMETRIC_REPRESENTATION_CONTEXT() REPRESENTATION_CONTEXT('2D SPACE',''
  ) );
#1976 = ORIENTED_EDGE('',*,*,#1977,.F.);
#1977 = EDGE_CURVE('',#1978,#1939,#1980,.T.);
#1978 = VERTEX_POINT('',#1979);
#1979 = CARTESIAN_POINT('',(11.081708337209,-3.433928571429,26.1));
#1980 = SURFACE_CURVE('',#1981,(#1986,#1993),.PCURVE_S1.);
#1981 = CIRCLE('',#1982,4.2);
#1982 = AXIS2_PLACEMENT_3D('',#1983,#1984,#1985);
#1983 = CARTESIAN_POINT('',(13.5,0.,26.1));
#1984 = DIRECTION('',(0.,0.,1.));
#1985 = DIRECTION('',(1.,0.,-0.));
#1986 = PCURVE('',#339,#1987);
#1987 = DEFINITIONAL_REPRESENTATION('',(#1988),#1992);
#1988 = LINE('',#1989,#1990);
#1989 = CARTESIAN_POINT('',(0.,0.927295218002));
#1990 = VECTOR('',#1991,1.);
#1991 = DIRECTION('',(1.,0.));
#1992 = ( GEOMETRIC_REPRESENTATION_CONTEXT(2) 
PARAMETRIC_REPRESENTATION_CONTEXT() REPRESENTATION_CONTEXT('2D SPACE',''
  ) );
#1993 = PCURVE('',#1994,#1999);
#1994 = PLANE('',#1995);
#1995 = AXIS2_PLACEMENT_3D('',#1996,#1997,#1998);
#1996 = CARTESIAN_POINT('',(13.5,-2.8,26.1));
#1997 = DIRECTION('',(0.,0.,1.));
#1998 = DIRECTION('',(1.,0.,0.));
#1999 = DEFINITIONAL_REPRESENTATION('',(#2000),#2004);
#2000 = CIRCLE('',#2001,4.2);
#2001 = AXIS2_PLACEMENT_2D('',#2002,#2003);
#2002 = CARTESIAN_POINT('',(0.,2.8));
#2003 = DIRECTION('',(1.,0.));
#2004 = ( GEOMETRIC_REPRESENTATION_CONTEXT(2) 
PARAMETRIC_REPRESENTATION_CONTEXT() REPRESENTATION_CONTEXT('2D SPACE',''
  ) );
#2005 = ORIENTED_EDGE('',*,*,#2006,.F.);
#2006 = EDGE_CURVE('',#1941,#1978,#2007,.T.);
#2007 = SURFACE_CURVE('',#2008,(#2095,#2185),.PCURVE_S1.);
#2008 = B_SPLINE_CURVE_WITH_KNOTS('',8,(#2009,#2010,#2011,#2012,#2013,
    #2014,#2015,#2016,#2017,#2018,#2019,#2020,#2021,#2022,#2023,#2024,
    #2025,#2026,#2027,#2028,#2029,#2030,#2031,#2032,#2033,#2034,#2035,
    #2036,#2037,#2038,#2039,#2040,#2041,#2042,#2043,#2044,#2045,#2046,
    #2047,#2048,#2049,#2050,#2051,#2052,#2053,#2054,#2055,#2056,#2057,
    #2058,#2059,#2060,#2061,#2062,#2063,#2064,#2065,#2066,#2067,#2068,
    #2069,#2070,#2071,#2072,#2073,#2074,#2075,#2076,#2077,#2078,#2079,
    #2080,#2081,#2082,#2083,#2084,#2085,#2086,#2087,#2088,#2089,#2090,
    #2091,#2092,#2093,#2094),.UNSPECIFIED.,.F.,.F.,(9,7,7,7,7,7,7,7,7,7,
    7,7,9),(0.,0.177062539796,0.254306045406,0.296421473586,
    0.347620392955,0.403371652188,0.450513997116,0.498301750154,
    0.554025628195,0.608387350326,0.656575904658,0.759089410813,1.),
  .UNSPECIFIED.);
#2009 = CARTESIAN_POINT('',(15.816203659776,-2.8,26.482909042133));
#2010 = CARTESIAN_POINT('',(15.776810347132,-2.657224704125,
    26.564978443474));
#2011 = CARTESIAN_POINT('',(15.728448560732,-2.515016336175,
    26.644777634759));
#2012 = CARTESIAN_POINT('',(15.670652451856,-2.373988413795,
    26.722142182184));
#2013 = CARTESIAN_POINT('',(15.602984992591,-2.234915422702,
    26.79682972722));
#2014 = CARTESIAN_POINT('',(15.525071822925,-2.098728973379,
    26.868535473539));
#2015 = CARTESIAN_POINT('',(15.436642407676,-1.966506389245,
    26.93690401961));
#2016 = CARTESIAN_POINT('',(15.337565508215,-1.839449891288,
    27.001539159673));
#2017 = CARTESIAN_POINT('',(15.180009569075,-1.666244842564,
    27.088395099662));
#2018 = CARTESIAN_POINT('',(15.130147209335,-1.614882345686,
    27.113976267818));
#2019 = CARTESIAN_POINT('',(15.078284954575,-1.564874076271,
    27.138721569042));
#2020 = CARTESIAN_POINT('',(15.024443671301,-1.516341309484,
    27.162589455749));
#2021 = CARTESIAN_POINT('',(14.968663142584,-1.469415733333,
    27.185533812478));
#2022 = CARTESIAN_POINT('',(14.911006177977,-1.424235609152,
    27.207505724332));
#2023 = CARTESIAN_POINT('',(14.851562723428,-1.380941932066,
    27.228455245424));
#2024 = CARTESIAN_POINT('',(14.757135684493,-1.317174425202,
    27.25917119423));
#2025 = CARTESIAN_POINT('',(14.723325549976,-1.295278716964,
    27.269689649947));
#2026 = CARTESIAN_POINT('',(14.689044517283,-1.274010547302,
    27.279880339757));
#2027 = CARTESIAN_POINT('',(14.654318825547,-1.253394281654,
    27.289734466864));
#2028 = CARTESIAN_POINT('',(14.619180327038,-1.233454758809,
    27.299242999825));
#2029 = CARTESIAN_POINT('',(14.5836668108,-1.21421647937,27.308397039984
    ));
#2030 = CARTESIAN_POINT('',(14.547822326279,-1.19570279421,
    27.317188188901));
#2031 = CARTESIAN_POINT('',(14.46778125606,-1.156335238821,
    27.335845832165));
#2032 = CARTESIAN_POINT('',(14.423444190958,-1.135834667146,
    27.345536819633));
#2033 = CARTESIAN_POINT('',(14.378787431257,-1.116477381756,
    27.354665672738));
#2034 = CARTESIAN_POINT('',(14.33392548597,-1.098301051582,
    27.363219078646));
#2035 = CARTESIAN_POINT('',(14.28898446742,-1.081333498201,
    27.371188134245));
#2036 = CARTESIAN_POINT('',(14.244098924376,-1.065590180133,
    27.378569414082));
#2037 = CARTESIAN_POINT('',(14.199407294448,-1.051072673899,
    27.385365589136));
#2038 = CARTESIAN_POINT('',(14.106740280785,-1.023280661266,
    27.398358654188));
#2039 = CARTESIAN_POINT('',(14.058807813585,-1.010225883209,
    27.404451127689));
#2040 = CARTESIAN_POINT('',(14.011437991643,-0.998593374742,
    27.409871711129));
#2041 = CARTESIAN_POINT('',(13.964767380847,-0.98833476496,
    27.414646153334));
#2042 = CARTESIAN_POINT('',(13.918875671936,-0.979378887906,
    27.418810117113));
#2043 = CARTESIAN_POINT('',(13.873787179406,-0.971644540726,
    27.422403252885));
#2044 = CARTESIAN_POINT('',(13.829477862829,-0.965050867018,
    27.425464486577));
#2045 = CARTESIAN_POINT('',(13.749028892381,-0.954853092381,
    27.430196627645));
#2046 = CARTESIAN_POINT('',(13.712677087864,-0.950943654616,
    27.432009654479));
#2047 = CARTESIAN_POINT('',(13.676779092581,-0.94775126371,
    27.433489478055));
#2048 = CARTESIAN_POINT('',(13.64126412355,-0.945236314494,
    27.43465489799));
#2049 = CARTESIAN_POINT('',(13.606048568421,-0.943367356454,
    27.435520783206));
#2050 = CARTESIAN_POINT('',(13.571039298586,-0.942122572965,
    27.436097426362));
#2051 = CARTESIAN_POINT('',(13.536135706282,-0.941490768333,
    27.436390107263));
#2052 = CARTESIAN_POINT('',(13.465847350523,-0.941452698122,
    27.436407743134));
#2053 = CARTESIAN_POINT('',(13.430471585409,-0.94206333272,
    27.436124869172));
#2054 = CARTESIAN_POINT('',(13.394991179294,-0.943303342869,
    27.435550441365));
#2055 = CARTESIAN_POINT('',(13.35930116857,-0.94518405878,
    27.434679116631));
#2056 = CARTESIAN_POINT('',(13.323304403918,-0.947728045643,
    27.433500249959));
#2057 = CARTESIAN_POINT('',(13.286913715808,-0.950968054835,
    27.431998358424));
#2058 = CARTESIAN_POINT('',(13.250055458627,-0.954945445119,
    27.430153810067));
#2059 = CARTESIAN_POINT('',(13.169085531339,-0.965261633598,
    27.425366637875));
#2060 = CARTESIAN_POINT('',(13.12477601806,-0.971884163045,
    27.422291945237));
#2061 = CARTESIAN_POINT('',(13.079687216577,-0.979648206752,
    27.418684929431));
#2062 = CARTESIAN_POINT('',(13.033796268881,-0.988634521314,
    27.414506702828));
#2063 = CARTESIAN_POINT('',(12.98712860545,-0.998924033693,
    27.409717734022));
#2064 = CARTESIAN_POINT('',(12.939764869872,-1.010587472753,
    27.404282553973));
#2065 = CARTESIAN_POINT('',(12.891842298639,-1.023672674014,
    27.398175654724));
#2066 = CARTESIAN_POINT('',(12.796439292806,-1.052351579675,
    27.384767414945));
#2067 = CARTESIAN_POINT('',(12.748959078673,-1.067881466122,
    27.377496436906));
#2068 = CARTESIAN_POINT('',(12.701273965729,-1.084794068147,
    27.369565175142));
#2069 = CARTESIAN_POINT('',(12.653549881558,-1.103085930043,
    27.360971120261));
#2070 = CARTESIAN_POINT('',(12.605946710701,-1.122736239355,
    27.351719386784));
#2071 = CARTESIAN_POINT('',(12.558612418897,-1.143709071495,
    27.341821788256));
#2072 = CARTESIAN_POINT('',(12.511679220169,-1.165956928812,
    27.331295325577));
#2073 = CARTESIAN_POINT('',(12.42411538952,-1.210229184536,
    27.310289338475));
#2074 = CARTESIAN_POINT('',(12.383368350974,-1.23199503532,
    27.299938814929));
#2075 = CARTESIAN_POINT('',(12.343091327896,-1.254690518907,
    27.289120040742));
#2076 = CARTESIAN_POINT('',(12.303344507348,-1.278279924685,
    27.277845891415));
#2077 = CARTESIAN_POINT('',(12.264178090248,-1.302726077112,
    27.266129883503));
#2078 = CARTESIAN_POINT('',(12.225632939025,-1.327991785653,
    27.253985527648));
#2079 = CARTESIAN_POINT('',(12.187741389361,-1.354041106523,
    27.241425746284));
#2080 = CARTESIAN_POINT('',(12.071363123375,-1.437851697019,
    27.200884799291));
#2081 = CARTESIAN_POINT('',(11.995296077066,-1.498237042464,
    27.171490382698));
#2082 = CARTESIAN_POINT('',(11.922541627865,-1.561682630958,
    27.140388320851));
#2083 = CARTESIAN_POINT('',(11.853240955294,-1.627872328434,
    27.107689074682));
#2084 = CARTESIAN_POINT('',(11.787475458393,-1.696501412168,
    27.073499059589));
#2085 = CARTESIAN_POINT('',(11.725278783087,-1.767287467774,
    27.037915935483));
#2086 = CARTESIAN_POINT('',(11.666647296149,-1.839978459383,
    27.001024478717));
#2087 = CARTESIAN_POINT('',(11.482065954208,-2.089152623256,
    26.873282713318));
#2088 = CARTESIAN_POINT('',(11.372285713139,-2.273016111066,
    26.776955743907));
#2089 = CARTESIAN_POINT('',(11.28166675313,-2.46313449447,
    26.674812389886));
#2090 = CARTESIAN_POINT('',(11.209447186927,-2.65702143106,26.5676442376
    ));
#2091 = CARTESIAN_POINT('',(11.154576478734,-2.852563197922,
    26.456127804103));
#2092 = CARTESIAN_POINT('',(11.115853223576,-3.048045860844,
    26.340801904054));
#2093 = CARTESIAN_POINT('',(11.091994533003,-3.242151183908,
    26.222040155695));
#2094 = CARTESIAN_POINT('',(11.081708337209,-3.433928571429,26.1));
#2095 = PCURVE('',#339,#2096);
#2096 = DEFINITIONAL_REPRESENTATION('',(#2097),#2184);
#2097 = B_SPLINE_CURVE_WITH_KNOTS('',8,(#2098,#2099,#2100,#2101,#2102,
    #2103,#2104,#2105,#2106,#2107,#2108,#2109,#2110,#2111,#2112,#2113,
    #2114,#2115,#2116,#2117,#2118,#2119,#2120,#2121,#2122,#2123,#2124,
    #2125,#2126,#2127,#2128,#2129,#2130,#2131,#2132,#2133,#2134,#2135,
    #2136,#2137,#2138,#2139,#2140,#2141,#2142,#2143,#2144,#2145,#2146,
    #2147,#2148,#2149,#2150,#2151,#2152,#2153,#2154,#2155,#2156,#2157,
    #2158,#2159,#2160,#2161,#2162,#2163,#2164,#2165,#2166,#2167,#2168,
    #2169,#2170,#2171,#2172,#2173,#2174,#2175,#2176,#2177,#2178,#2179,
    #2180,#2181,#2182,#2183),.UNSPECIFIED.,.F.,.F.,(9,7,7,7,7,7,7,7,7,7,
    7,7,9),(0.,0.177062539796,0.254306045406,0.296421473586,
    0.347620392955,0.403371652188,0.450513997116,0.498301750154,
    0.554025628195,0.608387350326,0.656575904658,0.759089410813,1.),
  .UNSPECIFIED.);
#2098 = CARTESIAN_POINT('',(5.403505906883,1.024975154104));
#2099 = CARTESIAN_POINT('',(5.420196458618,1.047559907953));
#2100 = CARTESIAN_POINT('',(5.436305081066,1.070479753907));
#2101 = CARTESIAN_POINT('',(5.451617743253,1.09375647991));
#2102 = CARTESIAN_POINT('',(5.465854662999,1.117399099864));
#2103 = CARTESIAN_POINT('',(5.47860023658,1.141400207149));
#2104 = CARTESIAN_POINT('',(5.48928672685,1.165736896325));
#2105 = CARTESIAN_POINT('',(5.497065753822,1.19036249724));
#2106 = CARTESIAN_POINT('',(5.501856907966,1.225999975779));
#2107 = CARTESIAN_POINT('',(5.502466208794,1.2368567529));
#2108 = CARTESIAN_POINT('',(5.502101635231,1.247736501271));
#2109 = CARTESIAN_POINT('',(5.500611588134,1.258626457686));
#2110 = CARTESIAN_POINT('',(5.497812553958,1.269508995244));
#2111 = CARTESIAN_POINT('',(5.493480890496,1.280360327029));
#2112 = CARTESIAN_POINT('',(5.487344612631,1.291149209795));
#2113 = CARTESIAN_POINT('',(5.474566439449,1.307662207456));
#2114 = CARTESIAN_POINT('',(5.469423774229,1.313457716972));
#2115 = CARTESIAN_POINT('',(5.463594915994,1.319215465826));
#2116 = CARTESIAN_POINT('',(5.457022117576,1.324927477047));
#2117 = CARTESIAN_POINT('',(5.449643355419,1.330584481695));
#2118 = CARTESIAN_POINT('',(5.441393533947,1.336175893505));
#2119 = CARTESIAN_POINT('',(5.432205689927,1.341689783523));
#2120 = CARTESIAN_POINT('',(5.409620162525,1.353705578578));
#2121 = CARTESIAN_POINT('',(5.395740324553,1.36016507658));
#2122 = CARTESIAN_POINT('',(5.380255216268,1.366465868507));
#2123 = CARTESIAN_POINT('',(5.363049676271,1.372580060253));
#2124 = CARTESIAN_POINT('',(5.344020440237,1.378477783607));
#2125 = CARTESIAN_POINT('',(5.323089344762,1.384128228526));
#2126 = CARTESIAN_POINT('',(5.300220143246,1.389501267936));
#2127 = CARTESIAN_POINT('',(5.248454308979,1.400088738374));
#2128 = CARTESIAN_POINT('',(5.219192292153,1.405248701168));
#2129 = CARTESIAN_POINT('',(5.187688696242,1.410012448058));
#2130 = CARTESIAN_POINT('',(5.154041492173,1.414353099484));
#2131 = CARTESIAN_POINT('',(5.11841187337,1.418253984492));
#2132 = CARTESIAN_POINT('',(5.081016399916,1.421707551595));
#2133 = CARTESIAN_POINT('',(5.042110222395,1.424713217684));
#2134 = CARTESIAN_POINT('',(4.968012191322,1.429439641344));
#2135 = CARTESIAN_POINT('',(4.933168161883,1.431287572406));
#2136 = CARTESIAN_POINT('',(4.897575599674,1.432820729388));
#2137 = CARTESIAN_POINT('',(4.861387601497,1.434043114983));
#2138 = CARTESIAN_POINT('',(4.824758118379,1.434958838731));
#2139 = CARTESIAN_POINT('',(4.787837715437,1.435571219435));
#2140 = CARTESIAN_POINT('',(4.7507710316,1.43588210462));
#2141 = CARTESIAN_POINT('',(4.67611326568,1.435900836838));
#2142 = CARTESIAN_POINT('',(4.638531555147,1.435600367303));
#2143 = CARTESIAN_POINT('',(4.601094220016,1.434990173306));
#2144 = CARTESIAN_POINT('',(4.563951820441,1.434068374337));
#2145 = CARTESIAN_POINT('',(4.527261202747,1.43283152261));
#2146 = CARTESIAN_POINT('',(4.491182801427,1.431275326303));
#2147 = CARTESIAN_POINT('',(4.455876104727,1.429395607969));
#2148 = CARTESIAN_POINT('',(4.381400498591,1.42461701894));
#2149 = CARTESIAN_POINT('',(4.342555286514,1.421600146089));
#2150 = CARTESIAN_POINT('',(4.305225344816,1.418135796476));
#2151 = CARTESIAN_POINT('',(4.269665016732,1.414224693715));
#2152 = CARTESIAN_POINT('',(4.236089667067,1.40987455708));
#2153 = CARTESIAN_POINT('',(4.204659043102,1.405102225059));
#2154 = CARTESIAN_POINT('',(4.175469620824,1.399934713449));
#2155 = CARTESIAN_POINT('',(4.122300150279,1.389018772103));
#2156 = CARTESIAN_POINT('',(4.09820038863,1.383285608183));
#2157 = CARTESIAN_POINT('',(4.076287049915,1.377242460629));
#2158 = CARTESIAN_POINT('',(4.056510800452,1.370925660514));
#2159 = CARTESIAN_POINT('',(4.038770903406,1.364372129072));
#2160 = CARTESIAN_POINT('',(4.022937895377,1.357617241674));
#2161 = CARTESIAN_POINT('',(4.008870610687,1.350693552313));
#2162 = CARTESIAN_POINT('',(3.985397495459,1.337369279459));
#2163 = CARTESIAN_POINT('',(3.975642086824,1.330997667979));
#2164 = CARTESIAN_POINT('',(3.967060323338,1.324534468251));
#2165 = CARTESIAN_POINT('',(3.959552336708,1.317996362967));
#2166 = CARTESIAN_POINT('',(3.953023428227,1.311397797157));
#2167 = CARTESIAN_POINT('',(3.947386420584,1.304751049701));
#2168 = CARTESIAN_POINT('',(3.942562327735,1.298066372618));
#2169 = CARTESIAN_POINT('',(3.929793440057,1.277068856767));
#2170 = CARTESIAN_POINT('',(3.924464817577,1.262657098484));
#2171 = CARTESIAN_POINT('',(3.921796939806,1.24819433676));
#2172 = CARTESIAN_POINT('',(3.92126741789,1.23373432855));
#2173 = CARTESIAN_POINT('',(3.922479746765,1.219314377506));
#2174 = CARTESIAN_POINT('',(3.925126677189,1.204960261024));
#2175 = CARTESIAN_POINT('',(3.928965222726,1.19068888108));
#2176 = CARTESIAN_POINT('',(3.945172969007,1.143184537158));
#2177 = CARTESIAN_POINT('',(3.96204513827,1.110412963774));
#2178 = CARTESIAN_POINT('',(3.98190475066,1.078294929675));
#2179 = CARTESIAN_POINT('',(4.00371712536,1.046845898098));
#2180 = CARTESIAN_POINT('',(4.026701915154,1.01606325594));
#2181 = CARTESIAN_POINT('',(4.050421923303,0.9859155534));
#2182 = CARTESIAN_POINT('',(4.074537945756,0.956352397929));
#2183 = CARTESIAN_POINT('',(4.098826584969,0.927295218002));
#2184 = ( GEOMETRIC_REPRESENTATION_CONTEXT(2) 
PARAMETRIC_REPRESENTATION_CONTEXT() REPRESENTATION_CONTEXT('2D SPACE',''
  ) );
#2185 = PCURVE('',#1962,#2186);
#2186 = DEFINITIONAL_REPRESENTATION('',(#2187),#2274);
#2187 = B_SPLINE_CURVE_WITH_KNOTS('',8,(#2188,#2189,#2190,#2191,#2192,
    #2193,#2194,#2195,#2196,#2197,#2198,#2199,#2200,#2201,#2202,#2203,
    #2204,#2205,#2206,#2207,#2208,#2209,#2210,#2211,#2212,#2213,#2214,
    #2215,#2216,#2217,#2218,#2219,#2220,#2221,#2222,#2223,#2224,#2225,
    #2226,#2227,#2228,#2229,#2230,#2231,#2232,#2233,#2234,#2235,#2236,
    #2237,#2238,#2239,#2240,#2241,#2242,#2243,#2244,#2245,#2246,#2247,
    #2248,#2249,#2250,#2251,#2252,#2253,#2254,#2255,#2256,#2257,#2258,
    #2259,#2260,#2261,#2262,#2263,#2264,#2265,#2266,#2267,#2268,#2269,
    #2270,#2271,#2272,#2273),.UNSPECIFIED.,.F.,.F.,(9,7,7,7,7,7,7,7,7,7,
    7,7,9),(0.,0.177062539796,0.254306045406,0.296421473586,
    0.347620392955,0.403371652188,0.450513997116,0.498301750154,
    0.554025628195,0.608387350326,0.656575904658,0.759089410813,1.),
  .UNSPECIFIED.);
#2188 = CARTESIAN_POINT('',(0.,-0.382909042133));
#2189 = CARTESIAN_POINT('',(-6.164194382147E-02,-0.464978443474));
#2190 = CARTESIAN_POINT('',(-0.125435408328,-0.544777634759));
#2191 = CARTESIAN_POINT('',(-0.191502962958,-0.622142182184));
#2192 = CARTESIAN_POINT('',(-0.259951422733,-0.69682972722));
#2193 = CARTESIAN_POINT('',(-0.330872301556,-0.768535473539));
#2194 = CARTESIAN_POINT('',(-0.404338950253,-0.836904019609));
#2195 = CARTESIAN_POINT('',(-0.48040524952,-0.901539159673));
#2196 = CARTESIAN_POINT('',(-0.593445980736,-0.988395099662));
#2197 = CARTESIAN_POINT('',(-0.628272289572,-1.013976267818));
#2198 = CARTESIAN_POINT('',(-0.663591045871,-1.038721569042));
#2199 = CARTESIAN_POINT('',(-0.699396881163,-1.062589455749));
#2200 = CARTESIAN_POINT('',(-0.735676358616,-1.085533812478));
#2201 = CARTESIAN_POINT('',(-0.772406664548,-1.107505724332));
#2202 = CARTESIAN_POINT('',(-0.809554299956,-1.128455245424));
#2203 = CARTESIAN_POINT('',(-0.867530490293,-1.15917119423));
#2204 = CARTESIAN_POINT('',(-0.888095774621,-1.169689649947));
#2205 = CARTESIAN_POINT('',(-0.908761456468,-1.179880339757));
#2206 = CARTESIAN_POINT('',(-0.929516816196,-1.189734466864));
#2207 = CARTESIAN_POINT('',(-0.950348477745,-1.199242999825));
#2208 = CARTESIAN_POINT('',(-0.971240303301,-1.208397039984));
#2209 = CARTESIAN_POINT('',(-0.992173287959,-1.217188188901));
#2210 = CARTESIAN_POINT('',(-1.038596601812,-1.235845832165));
#2211 = CARTESIAN_POINT('',(-1.064099863313,-1.245536819633));
#2212 = CARTESIAN_POINT('',(-1.089589690551,-1.254665672738));
#2213 = CARTESIAN_POINT('',(-1.115014820913,-1.263219078646));
#2214 = CARTESIAN_POINT('',(-1.140319184953,-1.271188134245));
#2215 = CARTESIAN_POINT('',(-1.165443379505,-1.278569414082));
#2216 = CARTESIAN_POINT('',(-1.190326706464,-1.285365589136));
#2217 = CARTESIAN_POINT('',(-1.241678646007,-1.298358654188));
#2218 = CARTESIAN_POINT('',(-1.26810169982,-1.304451127689));
#2219 = CARTESIAN_POINT('',(-1.294094757656,-1.309871711129));
#2220 = CARTESIAN_POINT('',(-1.319603402507,-1.314646153334));
#2221 = CARTESIAN_POINT('',(-1.344603092367,-1.318810117113));
#2222 = CARTESIAN_POINT('',(-1.369097150938,-1.322403252885));
#2223 = CARTESIAN_POINT('',(-1.393112638101,-1.325464486577));
#2224 = CARTESIAN_POINT('',(-1.436634195326,-1.330196627645));
#2225 = CARTESIAN_POINT('',(-1.456267817505,-1.332009654479));
#2226 = CARTESIAN_POINT('',(-1.475631146907,-1.333489478055));
#2227 = CARTESIAN_POINT('',(-1.494768659597,-1.33465489799));
#2228 = CARTESIAN_POINT('',(-1.513730868473,-1.335520783206));
#2229 = CARTESIAN_POINT('',(-1.53257279097,-1.336097426362));
#2230 = CARTESIAN_POINT('',(-1.551353143454,-1.336390107263));
#2231 = CARTESIAN_POINT('',(-1.589172506391,-1.336407743134));
#2232 = CARTESIAN_POINT('',(-1.608206670365,-1.336124869172));
#2233 = CARTESIAN_POINT('',(-1.627301792009,-1.335550441364));
#2234 = CARTESIAN_POINT('',(-1.646519110442,-1.334679116631));
#2235 = CARTESIAN_POINT('',(-1.665915997269,-1.333500249959));
#2236 = CARTESIAN_POINT('',(-1.685545102699,-1.331998358424));
#2237 = CARTESIAN_POINT('',(-1.7054527166,-1.330153810067));
#2238 = CARTESIAN_POINT('',(-1.749258515758,-1.325366637875));
#2239 = CARTESIAN_POINT('',(-1.773275663398,-1.322291945237));
#2240 = CARTESIAN_POINT('',(-1.797771722823,-1.318684929431));
#2241 = CARTESIAN_POINT('',(-1.822773140239,-1.314506702828));
#2242 = CARTESIAN_POINT('',(-1.848282652688,-1.309717734022));
#2243 = CARTESIAN_POINT('',(-1.874275203557,-1.304282553973));
#2244 = CARTESIAN_POINT('',(-1.900695993584,-1.298175654724));
#2245 = CARTESIAN_POINT('',(-1.953571085591,-1.284767414945));
#2246 = CARTESIAN_POINT('',(-1.980018534554,-1.277496436906));
#2247 = CARTESIAN_POINT('',(-2.00673148698,-1.269565175142));
#2248 = CARTESIAN_POINT('',(-2.033637128337,-1.260971120261));
#2249 = CARTESIAN_POINT('',(-2.060664834549,-1.251719386784));
#2250 = CARTESIAN_POINT('',(-2.087748811133,-1.241821788256));
#2251 = CARTESIAN_POINT('',(-2.11482989379,-1.231295325577));
#2252 = CARTESIAN_POINT('',(-2.165814058738,-1.210289338475));
#2253 = CARTESIAN_POINT('',(-2.189732257045,-1.199938814929));
#2254 = CARTESIAN_POINT('',(-2.213580659846,-1.189120040742));
#2255 = CARTESIAN_POINT('',(-2.237333569213,-1.177845891415));
#2256 = CARTESIAN_POINT('',(-2.260969811494,-1.166129883503));
#2257 = CARTESIAN_POINT('',(-2.284472490407,-1.153985527648));
#2258 = CARTESIAN_POINT('',(-2.307828716521,-1.141425746284));
#2259 = CARTESIAN_POINT('',(-2.380384902523,-1.100884799291));
#2260 = CARTESIAN_POINT('',(-2.429018734435,-1.071490382698));
#2261 = CARTESIAN_POINT('',(-2.47685595899,-1.040388320851));
#2262 = CARTESIAN_POINT('',(-2.523848314202,-1.007689074682));
#2263 = CARTESIAN_POINT('',(-2.56996859403,-0.973499059589));
#2264 = CARTESIAN_POINT('',(-2.615206708189,-0.937915935483));
#2265 = CARTESIAN_POINT('',(-2.659567333735,-0.901024478717));
#2266 = CARTESIAN_POINT('',(-2.805300080001,-0.773282713318));
#2267 = CARTESIAN_POINT('',(-2.902637993262,-0.676955743907));
#2268 = CARTESIAN_POINT('',(-2.995370884888,-0.574812389885));
#2269 = CARTESIAN_POINT('',(-3.083718753491,-0.467644237601));
#2270 = CARTESIAN_POINT('',(-3.167918509804,-0.356127804102));
#2271 = CARTESIAN_POINT('',(-3.248199775855,-0.240801904054));
#2272 = CARTESIAN_POINT('',(-3.32480275978,-0.122040155695));
#2273 = CARTESIAN_POINT('',(-3.397963230812,0.));
#2274 = ( GEOMETRIC_REPRESENTATION_CONTEXT(2) 
PARAMETRIC_REPRESENTATION_CONTEXT() REPRESENTATION_CONTEXT('2D SPACE',''
  ) );
#2275 = ADVANCED_FACE('',(#2276),#310,.T.);
#2276 = FACE_BOUND('',#2277,.F.);
#2277 = EDGE_LOOP('',(#2278,#2299,#2300,#2321,#2322));
#2278 = ORIENTED_EDGE('',*,*,#2279,.F.);
#2279 = EDGE_CURVE('',#613,#1290,#2280,.T.);
#2280 = SURFACE_CURVE('',#2281,(#2285,#2292),.PCURVE_S1.);
#2281 = LINE('',#2282,#2283);
#2282 = CARTESIAN_POINT('',(10.,-3.,12.));
#2283 = VECTOR('',#2284,1.);
#2284 = DIRECTION('',(0.,0.,1.));
#2285 = PCURVE('',#310,#2286);
#2286 = DEFINITIONAL_REPRESENTATION('',(#2287),#2291);
#2287 = LINE('',#2288,#2289);
#2288 = CARTESIAN_POINT('',(-0.,0.));
#2289 = VECTOR('',#2290,1.);
#2290 = DIRECTION('',(-0.,1.));
#2291 = ( GEOMETRIC_REPRESENTATION_CONTEXT(2) 
PARAMETRIC_REPRESENTATION_CONTEXT() REPRESENTATION_CONTEXT('2D SPACE',''
  ) );
#2292 = PCURVE('',#656,#2293);
#2293 = DEFINITIONAL_REPRESENTATION('',(#2294),#2298);
#2294 = LINE('',#2295,#2296);
#2295 = CARTESIAN_POINT('',(0.,-2.));
#2296 = VECTOR('',#2297,1.);
#2297 = DIRECTION('',(1.,0.));
#2298 = ( GEOMETRIC_REPRESENTATION_CONTEXT(2) 
PARAMETRIC_REPRESENTATION_CONTEXT() REPRESENTATION_CONTEXT('2D SPACE',''
  ) );
#2299 = ORIENTED_EDGE('',*,*,#612,.T.);
#2300 = ORIENTED_EDGE('',*,*,#2301,.T.);
#2301 = EDGE_CURVE('',#590,#262,#2302,.T.);
#2302 = SURFACE_CURVE('',#2303,(#2307,#2314),.PCURVE_S1.);
#2303 = LINE('',#2304,#2305);
#2304 = CARTESIAN_POINT('',(8.,-5.,12.));
#2305 = VECTOR('',#2306,1.);
#2306 = DIRECTION('',(0.,0.,1.));
#2307 = PCURVE('',#310,#2308);
#2308 = DEFINITIONAL_REPRESENTATION('',(#2309),#2313);
#2309 = LINE('',#2310,#2311);
#2310 = CARTESIAN_POINT('',(-1.570796326795,0.));
#2311 = VECTOR('',#2312,1.);
#2312 = DIRECTION('',(-0.,1.));
#2313 = ( GEOMETRIC_REPRESENTATION_CONTEXT(2) 
PARAMETRIC_REPRESENTATION_CONTEXT() REPRESENTATION_CONTEXT('2D SPACE',''
  ) );
#2314 = PCURVE('',#277,#2315);
#2315 = DEFINITIONAL_REPRESENTATION('',(#2316),#2320);
#2316 = LINE('',#2317,#2318);
#2317 = CARTESIAN_POINT('',(0.,18.));
#2318 = VECTOR('',#2319,1.);
#2319 = DIRECTION('',(1.,0.));
#2320 = ( GEOMETRIC_REPRESENTATION_CONTEXT(2) 
PARAMETRIC_REPRESENTATION_CONTEXT() REPRESENTATION_CONTEXT('2D SPACE',''
  ) );
#2321 = ORIENTED_EDGE('',*,*,#289,.F.);
#2322 = ORIENTED_EDGE('',*,*,#1289,.T.);
#2323 = ADVANCED_FACE('',(#2324),#277,.F.);
#2324 = FACE_BOUND('',#2325,.F.);
#2325 = EDGE_LOOP('',(#2326,#2327,#2328,#2329,#2330,#2331));
#2326 = ORIENTED_EDGE('',*,*,#543,.F.);
#2327 = ORIENTED_EDGE('',*,*,#461,.T.);
#2328 = ORIENTED_EDGE('',*,*,#261,.T.);
#2329 = ORIENTED_EDGE('',*,*,#2301,.F.);
#2330 = ORIENTED_EDGE('',*,*,#589,.F.);
#2331 = ORIENTED_EDGE('',*,*,#566,.F.);
#2332 = ADVANCED_FACE('',(#2333),#656,.T.);
#2333 = FACE_BOUND('',#2334,.T.);
#2334 = EDGE_LOOP('',(#2335,#2336,#2337,#2338));
#2335 = ORIENTED_EDGE('',*,*,#1541,.F.);
#2336 = ORIENTED_EDGE('',*,*,#2279,.F.);
#2337 = ORIENTED_EDGE('',*,*,#640,.T.);
#2338 = ORIENTED_EDGE('',*,*,#1004,.T.);
#2339 = ADVANCED_FACE('',(#2340),#779,.T.);
#2340 = FACE_BOUND('',#2341,.F.);
#2341 = EDGE_LOOP('',(#2342,#2371,#2392,#2393,#2394));
#2342 = ORIENTED_EDGE('',*,*,#2343,.F.);
#2343 = EDGE_CURVE('',#2344,#2344,#2346,.T.);
#2344 = VERTEX_POINT('',#2345);
#2345 = CARTESIAN_POINT('',(-4.,-3.,0.));
#2346 = SURFACE_CURVE('',#2347,(#2352,#2359),.PCURVE_S1.);
#2347 = CIRCLE('',#2348,2.);
#2348 = AXIS2_PLACEMENT_3D('',#2349,#2350,#2351);
#2349 = CARTESIAN_POINT('',(-6.,-3.,0.));
#2350 = DIRECTION('',(0.,0.,1.));
#2351 = DIRECTION('',(1.,0.,0.));
#2352 = PCURVE('',#779,#2353);
#2353 = DEFINITIONAL_REPRESENTATION('',(#2354),#2358);
#2354 = LINE('',#2355,#2356);
#2355 = CARTESIAN_POINT('',(-0.,0.));
#2356 = VECTOR('',#2357,1.);
#2357 = DIRECTION('',(-1.,0.));
#2358 = ( GEOMETRIC_REPRESENTATION_CONTEXT(2) 
PARAMETRIC_REPRESENTATION_CONTEXT() REPRESENTATION_CONTEXT('2D SPACE',''
  ) );
#2359 = PCURVE('',#2360,#2365);
#2360 = PLANE('',#2361);
#2361 = AXIS2_PLACEMENT_3D('',#2362,#2363,#2364);
#2362 = CARTESIAN_POINT('',(-6.,-3.,0.));
#2363 = DIRECTION('',(0.,0.,1.));
#2364 = DIRECTION('',(1.,0.,-0.));
#2365 = DEFINITIONAL_REPRESENTATION('',(#2366),#2370);
#2366 = CIRCLE('',#2367,2.);
#2367 = AXIS2_PLACEMENT_2D('',#2368,#2369);
#2368 = CARTESIAN_POINT('',(8.881784197001E-16,0.));
#2369 = DIRECTION('',(1.,0.));
#2370 = ( GEOMETRIC_REPRESENTATION_CONTEXT(2) 
PARAMETRIC_REPRESENTATION_CONTEXT() REPRESENTATION_CONTEXT('2D SPACE',''
  ) );
#2371 = ORIENTED_EDGE('',*,*,#2372,.T.);
#2372 = EDGE_CURVE('',#2344,#763,#2373,.T.);
#2373 = SEAM_CURVE('',#2374,(#2378,#2385),.PCURVE_S1.);
#2374 = LINE('',#2375,#2376);
#2375 = CARTESIAN_POINT('',(-4.,-3.,0.));
#2376 = VECTOR('',#2377,1.);
#2377 = DIRECTION('',(0.,0.,1.));
#2378 = PCURVE('',#779,#2379);
#2379 = DEFINITIONAL_REPRESENTATION('',(#2380),#2384);
#2380 = LINE('',#2381,#2382);
#2381 = CARTESIAN_POINT('',(-6.28318530718,0.));
#2382 = VECTOR('',#2383,1.);
#2383 = DIRECTION('',(-0.,-1.));
#2384 = ( GEOMETRIC_REPRESENTATION_CONTEXT(2) 
PARAMETRIC_REPRESENTATION_CONTEXT() REPRESENTATION_CONTEXT('2D SPACE',''
  ) );
#2385 = PCURVE('',#779,#2386);
#2386 = DEFINITIONAL_REPRESENTATION('',(#2387),#2391);
#2387 = LINE('',#2388,#2389);
#2388 = CARTESIAN_POINT('',(-0.,0.));
#2389 = VECTOR('',#2390,1.);
#2390 = DIRECTION('',(-0.,-1.));
#2391 = ( GEOMETRIC_REPRESENTATION_CONTEXT(2) 
PARAMETRIC_REPRESENTATION_CONTEXT() REPRESENTATION_CONTEXT('2D SPACE',''
  ) );
#2392 = ORIENTED_EDGE('',*,*,#791,.T.);
#2393 = ORIENTED_EDGE('',*,*,#762,.T.);
#2394 = ORIENTED_EDGE('',*,*,#2372,.F.);
#2395 = ADVANCED_FACE('',(#2396),#832,.T.);
#2396 = FACE_BOUND('',#2397,.F.);
#2397 = EDGE_LOOP('',(#2398,#2427,#2448,#2449,#2450));
#2398 = ORIENTED_EDGE('',*,*,#2399,.F.);
#2399 = EDGE_CURVE('',#2400,#2400,#2402,.T.);
#2400 = VERTEX_POINT('',#2401);
#2401 = CARTESIAN_POINT('',(8.,-3.,0.));
#2402 = SURFACE_CURVE('',#2403,(#2408,#2415),.PCURVE_S1.);
#2403 = CIRCLE('',#2404,2.);
#2404 = AXIS2_PLACEMENT_3D('',#2405,#2406,#2407);
#2405 = CARTESIAN_POINT('',(6.,-3.,0.));
#2406 = DIRECTION('',(0.,0.,1.));
#2407 = DIRECTION('',(1.,0.,0.));
#2408 = PCURVE('',#832,#2409);
#2409 = DEFINITIONAL_REPRESENTATION('',(#2410),#2414);
#2410 = LINE('',#2411,#2412);
#2411 = CARTESIAN_POINT('',(-0.,0.));
#2412 = VECTOR('',#2413,1.);
#2413 = DIRECTION('',(-1.,0.));
#2414 = ( GEOMETRIC_REPRESENTATION_CONTEXT(2) 
PARAMETRIC_REPRESENTATION_CONTEXT() REPRESENTATION_CONTEXT('2D SPACE',''
  ) );
#2415 = PCURVE('',#2416,#2421);
#2416 = PLANE('',#2417);
#2417 = AXIS2_PLACEMENT_3D('',#2418,#2419,#2420);
#2418 = CARTESIAN_POINT('',(6.,-3.,0.));
#2419 = DIRECTION('',(0.,0.,1.));
#2420 = DIRECTION('',(1.,0.,-0.));
#2421 = DEFINITIONAL_REPRESENTATION('',(#2422),#2426);
#2422 = CIRCLE('',#2423,2.);
#2423 = AXIS2_PLACEMENT_2D('',#2424,#2425);
#2424 = CARTESIAN_POINT('',(0.,0.));
#2425 = DIRECTION('',(1.,0.));
#2426 = ( GEOMETRIC_REPRESENTATION_CONTEXT(2) 
PARAMETRIC_REPRESENTATION_CONTEXT() REPRESENTATION_CONTEXT('2D SPACE',''
  ) );
#2427 = ORIENTED_EDGE('',*,*,#2428,.T.);
#2428 = EDGE_CURVE('',#2400,#816,#2429,.T.);
#2429 = SEAM_CURVE('',#2430,(#2434,#2441),.PCURVE_S1.);
#2430 = LINE('',#2431,#2432);
#2431 = CARTESIAN_POINT('',(8.,-3.,0.));
#2432 = VECTOR('',#2433,1.);
#2433 = DIRECTION('',(0.,0.,1.));
#2434 = PCURVE('',#832,#2435);
#2435 = DEFINITIONAL_REPRESENTATION('',(#2436),#2440);
#2436 = LINE('',#2437,#2438);
#2437 = CARTESIAN_POINT('',(-6.28318530718,0.));
#2438 = VECTOR('',#2439,1.);
#2439 = DIRECTION('',(-0.,-1.));
#2440 = ( GEOMETRIC_REPRESENTATION_CONTEXT(2) 
PARAMETRIC_REPRESENTATION_CONTEXT() REPRESENTATION_CONTEXT('2D SPACE',''
  ) );
#2441 = PCURVE('',#832,#2442);
#2442 = DEFINITIONAL_REPRESENTATION('',(#2443),#2447);
#2443 = LINE('',#2444,#2445);
#2444 = CARTESIAN_POINT('',(-0.,0.));
#2445 = VECTOR('',#2446,1.);
#2446 = DIRECTION('',(-0.,-1.));
#2447 = ( GEOMETRIC_REPRESENTATION_CONTEXT(2) 
PARAMETRIC_REPRESENTATION_CONTEXT() REPRESENTATION_CONTEXT('2D SPACE',''
  ) );
#2448 = ORIENTED_EDGE('',*,*,#844,.T.);
#2449 = ORIENTED_EDGE('',*,*,#815,.T.);
#2450 = ORIENTED_EDGE('',*,*,#2428,.F.);
#2451 = ADVANCED_FACE('',(#2452),#885,.T.);
#2452 = FACE_BOUND('',#2453,.F.);
#2453 = EDGE_LOOP('',(#2454,#2483,#2504,#2505,#2506));
#2454 = ORIENTED_EDGE('',*,*,#2455,.F.);
#2455 = EDGE_CURVE('',#2456,#2456,#2458,.T.);
#2456 = VERTEX_POINT('',#2457);
#2457 = CARTESIAN_POINT('',(-4.,3.,0.));
#2458 = SURFACE_CURVE('',#2459,(#2464,#2471),.PCURVE_S1.);
#2459 = CIRCLE('',#2460,2.);
#2460 = AXIS2_PLACEMENT_3D('',#2461,#2462,#2463);
#2461 = CARTESIAN_POINT('',(-6.,3.,0.));
#2462 = DIRECTION('',(0.,0.,1.));
#2463 = DIRECTION('',(1.,0.,0.));
#2464 = PCURVE('',#885,#2465);
#2465 = DEFINITIONAL_REPRESENTATION('',(#2466),#2470);
#2466 = LINE('',#2467,#2468);
#2467 = CARTESIAN_POINT('',(-0.,0.));
#2468 = VECTOR('',#2469,1.);
#2469 = DIRECTION('',(-1.,0.));
#2470 = ( GEOMETRIC_REPRESENTATION_CONTEXT(2) 
PARAMETRIC_REPRESENTATION_CONTEXT() REPRESENTATION_CONTEXT('2D SPACE',''
  ) );
#2471 = PCURVE('',#2472,#2477);
#2472 = PLANE('',#2473);
#2473 = AXIS2_PLACEMENT_3D('',#2474,#2475,#2476);
#2474 = CARTESIAN_POINT('',(-6.,3.,0.));
#2475 = DIRECTION('',(0.,0.,1.));
#2476 = DIRECTION('',(1.,0.,-0.));
#2477 = DEFINITIONAL_REPRESENTATION('',(#2478),#2482);
#2478 = CIRCLE('',#2479,2.);
#2479 = AXIS2_PLACEMENT_2D('',#2480,#2481);
#2480 = CARTESIAN_POINT('',(8.881784197001E-16,-4.440892098501E-16));
#2481 = DIRECTION('',(1.,0.));
#2482 = ( GEOMETRIC_REPRESENTATION_CONTEXT(2) 
PARAMETRIC_REPRESENTATION_CONTEXT() REPRESENTATION_CONTEXT('2D SPACE',''
  ) );
#2483 = ORIENTED_EDGE('',*,*,#2484,.T.);
#2484 = EDGE_CURVE('',#2456,#869,#2485,.T.);
#2485 = SEAM_CURVE('',#2486,(#2490,#2497),.PCURVE_S1.);
#2486 = LINE('',#2487,#2488);
#2487 = CARTESIAN_POINT('',(-4.,3.,0.));
#2488 = VECTOR('',#2489,1.);
#2489 = DIRECTION('',(0.,0.,1.));
#2490 = PCURVE('',#885,#2491);
#2491 = DEFINITIONAL_REPRESENTATION('',(#2492),#2496);
#2492 = LINE('',#2493,#2494);
#2493 = CARTESIAN_POINT('',(-6.28318530718,0.));
#2494 = VECTOR('',#2495,1.);
#2495 = DIRECTION('',(-0.,-1.));
#2496 = ( GEOMETRIC_REPRESENTATION_CONTEXT(2) 
PARAMETRIC_REPRESENTATION_CONTEXT() REPRESENTATION_CONTEXT('2D SPACE',''
  ) );
#2497 = PCURVE('',#885,#2498);
#2498 = DEFINITIONAL_REPRESENTATION('',(#2499),#2503);
#2499 = LINE('',#2500,#2501);
#2500 = CARTESIAN_POINT('',(-0.,0.));
#2501 = VECTOR('',#2502,1.);
#2502 = DIRECTION('',(-0.,-1.));
#2503 = ( GEOMETRIC_REPRESENTATION_CONTEXT(2) 
PARAMETRIC_REPRESENTATION_CONTEXT() REPRESENTATION_CONTEXT('2D SPACE',''
  ) );
#2504 = ORIENTED_EDGE('',*,*,#897,.T.);
#2505 = ORIENTED_EDGE('',*,*,#868,.T.);
#2506 = ORIENTED_EDGE('',*,*,#2484,.F.);
#2507 = ADVANCED_FACE('',(#2508),#938,.T.);
#2508 = FACE_BOUND('',#2509,.F.);
#2509 = EDGE_LOOP('',(#2510,#2539,#2560,#2561,#2562));
#2510 = ORIENTED_EDGE('',*,*,#2511,.F.);
#2511 = EDGE_CURVE('',#2512,#2512,#2514,.T.);
#2512 = VERTEX_POINT('',#2513);
#2513 = CARTESIAN_POINT('',(8.,3.,0.));
#2514 = SURFACE_CURVE('',#2515,(#2520,#2527),.PCURVE_S1.);
#2515 = CIRCLE('',#2516,2.);
#2516 = AXIS2_PLACEMENT_3D('',#2517,#2518,#2519);
#2517 = CARTESIAN_POINT('',(6.,3.,0.));
#2518 = DIRECTION('',(0.,0.,1.));
#2519 = DIRECTION('',(1.,0.,0.));
#2520 = PCURVE('',#938,#2521);
#2521 = DEFINITIONAL_REPRESENTATION('',(#2522),#2526);
#2522 = LINE('',#2523,#2524);
#2523 = CARTESIAN_POINT('',(-0.,0.));
#2524 = VECTOR('',#2525,1.);
#2525 = DIRECTION('',(-1.,0.));
#2526 = ( GEOMETRIC_REPRESENTATION_CONTEXT(2) 
PARAMETRIC_REPRESENTATION_CONTEXT() REPRESENTATION_CONTEXT('2D SPACE',''
  ) );
#2527 = PCURVE('',#2528,#2533);
#2528 = PLANE('',#2529);
#2529 = AXIS2_PLACEMENT_3D('',#2530,#2531,#2532);
#2530 = CARTESIAN_POINT('',(6.,3.,0.));
#2531 = DIRECTION('',(0.,0.,1.));
#2532 = DIRECTION('',(1.,0.,-0.));
#2533 = DEFINITIONAL_REPRESENTATION('',(#2534),#2538);
#2534 = CIRCLE('',#2535,2.);
#2535 = AXIS2_PLACEMENT_2D('',#2536,#2537);
#2536 = CARTESIAN_POINT('',(0.,-4.440892098501E-16));
#2537 = DIRECTION('',(1.,0.));
#2538 = ( GEOMETRIC_REPRESENTATION_CONTEXT(2) 
PARAMETRIC_REPRESENTATION_CONTEXT() REPRESENTATION_CONTEXT('2D SPACE',''
  ) );
#2539 = ORIENTED_EDGE('',*,*,#2540,.T.);
#2540 = EDGE_CURVE('',#2512,#922,#2541,.T.);
#2541 = SEAM_CURVE('',#2542,(#2546,#2553),.PCURVE_S1.);
#2542 = LINE('',#2543,#2544);
#2543 = CARTESIAN_POINT('',(8.,3.,0.));
#2544 = VECTOR('',#2545,1.);
#2545 = DIRECTION('',(0.,0.,1.));
#2546 = PCURVE('',#938,#2547);
#2547 = DEFINITIONAL_REPRESENTATION('',(#2548),#2552);
#2548 = LINE('',#2549,#2550);
#2549 = CARTESIAN_POINT('',(-6.28318530718,0.));
#2550 = VECTOR('',#2551,1.);
#2551 = DIRECTION('',(-0.,-1.));
#2552 = ( GEOMETRIC_REPRESENTATION_CONTEXT(2) 
PARAMETRIC_REPRESENTATION_CONTEXT() REPRESENTATION_CONTEXT('2D SPACE',''
  ) );
#2553 = PCURVE('',#938,#2554);
#2554 = DEFINITIONAL_REPRESENTATION('',(#2555),#2559);
#2555 = LINE('',#2556,#2557);
#2556 = CARTESIAN_POINT('',(-0.,0.));
#2557 = VECTOR('',#2558,1.);
#2558 = DIRECTION('',(-0.,-1.));
#2559 = ( GEOMETRIC_REPRESENTATION_CONTEXT(2) 
PARAMETRIC_REPRESENTATION_CONTEXT() REPRESENTATION_CONTEXT('2D SPACE',''
  ) );
#2560 = ORIENTED_EDGE('',*,*,#950,.T.);
#2561 = ORIENTED_EDGE('',*,*,#921,.T.);
#2562 = ORIENTED_EDGE('',*,*,#2540,.F.);
#2563 = ADVANCED_FACE('',(#2564),#1776,.T.);
#2564 = FACE_BOUND('',#2565,.T.);
#2565 = EDGE_LOOP('',(#2566,#2567,#2589,#2590,#2610,#2637));
#2566 = ORIENTED_EDGE('',*,*,#1900,.T.);
#2567 = ORIENTED_EDGE('',*,*,#2568,.T.);
#2568 = EDGE_CURVE('',#1872,#1593,#2569,.T.);
#2569 = SURFACE_CURVE('',#2570,(#2575,#2582),.PCURVE_S1.);
#2570 = CIRCLE('',#2571,2.5);
#2571 = AXIS2_PLACEMENT_3D('',#2572,#2573,#2574);
#2572 = CARTESIAN_POINT('',(13.5,2.8,26.1));
#2573 = DIRECTION('',(0.,0.,1.));
#2574 = DIRECTION('',(1.,0.,0.));
#2575 = PCURVE('',#1776,#2576);
#2576 = DEFINITIONAL_REPRESENTATION('',(#2577),#2581);
#2577 = LINE('',#2578,#2579);
#2578 = CARTESIAN_POINT('',(-0.,-0.));
#2579 = VECTOR('',#2580,1.);
#2580 = DIRECTION('',(-1.,-0.));
#2581 = ( GEOMETRIC_REPRESENTATION_CONTEXT(2) 
PARAMETRIC_REPRESENTATION_CONTEXT() REPRESENTATION_CONTEXT('2D SPACE',''
  ) );
#2582 = PCURVE('',#1888,#2583);
#2583 = DEFINITIONAL_REPRESENTATION('',(#2584),#2588);
#2584 = CIRCLE('',#2585,2.5);
#2585 = AXIS2_PLACEMENT_2D('',#2586,#2587);
#2586 = CARTESIAN_POINT('',(0.,0.));
#2587 = DIRECTION('',(1.,0.));
#2588 = ( GEOMETRIC_REPRESENTATION_CONTEXT(2) 
PARAMETRIC_REPRESENTATION_CONTEXT() REPRESENTATION_CONTEXT('2D SPACE',''
  ) );
#2589 = ORIENTED_EDGE('',*,*,#1592,.T.);
#2590 = ORIENTED_EDGE('',*,*,#2591,.T.);
#2591 = EDGE_CURVE('',#1595,#2592,#2594,.T.);
#2592 = VERTEX_POINT('',#2593);
#2593 = CARTESIAN_POINT('',(13.6,2.8,31.1));
#2594 = SEAM_CURVE('',#2595,(#2598,#2604),.PCURVE_S1.);
#2595 = B_SPLINE_CURVE_WITH_KNOTS('',1,(#2596,#2597),.UNSPECIFIED.,.F.,
  .F.,(2,2),(0.,1.),.PIECEWISE_BEZIER_KNOTS.);
#2596 = CARTESIAN_POINT('',(16.,2.8,26.1));
#2597 = CARTESIAN_POINT('',(13.6,2.8,31.1));
#2598 = PCURVE('',#1776,#2599);
#2599 = DEFINITIONAL_REPRESENTATION('',(#2600),#2603);
#2600 = B_SPLINE_CURVE_WITH_KNOTS('',1,(#2601,#2602),.UNSPECIFIED.,.F.,
  .F.,(2,2),(0.,1.),.PIECEWISE_BEZIER_KNOTS.);
#2601 = CARTESIAN_POINT('',(0.,0.));
#2602 = CARTESIAN_POINT('',(0.,-5.));
#2603 = ( GEOMETRIC_REPRESENTATION_CONTEXT(2) 
PARAMETRIC_REPRESENTATION_CONTEXT() REPRESENTATION_CONTEXT('2D SPACE',''
  ) );
#2604 = PCURVE('',#1776,#2605);
#2605 = DEFINITIONAL_REPRESENTATION('',(#2606),#2609);
#2606 = B_SPLINE_CURVE_WITH_KNOTS('',1,(#2607,#2608),.UNSPECIFIED.,.F.,
  .F.,(2,2),(0.,1.),.PIECEWISE_BEZIER_KNOTS.);
#2607 = CARTESIAN_POINT('',(-6.28318530718,0.));
#2608 = CARTESIAN_POINT('',(-6.28318530718,-5.));
#2609 = ( GEOMETRIC_REPRESENTATION_CONTEXT(2) 
PARAMETRIC_REPRESENTATION_CONTEXT() REPRESENTATION_CONTEXT('2D SPACE',''
  ) );
#2610 = ORIENTED_EDGE('',*,*,#2611,.F.);
#2611 = EDGE_CURVE('',#2592,#2592,#2612,.T.);
#2612 = SURFACE_CURVE('',#2613,(#2618,#2625),.PCURVE_S1.);
#2613 = CIRCLE('',#2614,0.1);
#2614 = AXIS2_PLACEMENT_3D('',#2615,#2616,#2617);
#2615 = CARTESIAN_POINT('',(13.5,2.8,31.1));
#2616 = DIRECTION('',(0.,0.,1.));
#2617 = DIRECTION('',(1.,0.,0.));
#2618 = PCURVE('',#1776,#2619);
#2619 = DEFINITIONAL_REPRESENTATION('',(#2620),#2624);
#2620 = LINE('',#2621,#2622);
#2621 = CARTESIAN_POINT('',(-0.,-5.));
#2622 = VECTOR('',#2623,1.);
#2623 = DIRECTION('',(-1.,-0.));
#2624 = ( GEOMETRIC_REPRESENTATION_CONTEXT(2) 
PARAMETRIC_REPRESENTATION_CONTEXT() REPRESENTATION_CONTEXT('2D SPACE',''
  ) );
#2625 = PCURVE('',#2626,#2631);
#2626 = PLANE('',#2627);
#2627 = AXIS2_PLACEMENT_3D('',#2628,#2629,#2630);
#2628 = CARTESIAN_POINT('',(13.5,2.8,31.1));
#2629 = DIRECTION('',(0.,0.,1.));
#2630 = DIRECTION('',(1.,0.,0.));
#2631 = DEFINITIONAL_REPRESENTATION('',(#2632),#2636);
#2632 = CIRCLE('',#2633,1.E-01);
#2633 = AXIS2_PLACEMENT_2D('',#2634,#2635);
#2634 = CARTESIAN_POINT('',(0.,0.));
#2635 = DIRECTION('',(1.,0.));
#2636 = ( GEOMETRIC_REPRESENTATION_CONTEXT(2) 
PARAMETRIC_REPRESENTATION_CONTEXT() REPRESENTATION_CONTEXT('2D SPACE',''
  ) );
#2637 = ORIENTED_EDGE('',*,*,#2591,.F.);
#2638 = ADVANCED_FACE('',(#2639),#1888,.F.);
#2639 = FACE_BOUND('',#2640,.F.);
#2640 = EDGE_LOOP('',(#2641,#2642));
#2641 = ORIENTED_EDGE('',*,*,#1871,.F.);
#2642 = ORIENTED_EDGE('',*,*,#2568,.T.);
#2643 = ADVANCED_FACE('',(#2644),#1962,.T.);
#2644 = FACE_BOUND('',#2645,.T.);
#2645 = EDGE_LOOP('',(#2646,#2647,#2669,#2670,#2690,#2717));
#2646 = ORIENTED_EDGE('',*,*,#2006,.T.);
#2647 = ORIENTED_EDGE('',*,*,#2648,.T.);
#2648 = EDGE_CURVE('',#1978,#1939,#2649,.T.);
#2649 = SURFACE_CURVE('',#2650,(#2655,#2662),.PCURVE_S1.);
#2650 = CIRCLE('',#2651,2.5);
#2651 = AXIS2_PLACEMENT_3D('',#2652,#2653,#2654);
#2652 = CARTESIAN_POINT('',(13.5,-2.8,26.1));
#2653 = DIRECTION('',(0.,0.,1.));
#2654 = DIRECTION('',(1.,0.,0.));
#2655 = PCURVE('',#1962,#2656);
#2656 = DEFINITIONAL_REPRESENTATION('',(#2657),#2661);
#2657 = LINE('',#2658,#2659);
#2658 = CARTESIAN_POINT('',(-0.,-0.));
#2659 = VECTOR('',#2660,1.);
#2660 = DIRECTION('',(-1.,-0.));
#2661 = ( GEOMETRIC_REPRESENTATION_CONTEXT(2) 
PARAMETRIC_REPRESENTATION_CONTEXT() REPRESENTATION_CONTEXT('2D SPACE',''
  ) );
#2662 = PCURVE('',#1994,#2663);
#2663 = DEFINITIONAL_REPRESENTATION('',(#2664),#2668);
#2664 = CIRCLE('',#2665,2.5);
#2665 = AXIS2_PLACEMENT_2D('',#2666,#2667);
#2666 = CARTESIAN_POINT('',(0.,0.));
#2667 = DIRECTION('',(1.,0.));
#2668 = ( GEOMETRIC_REPRESENTATION_CONTEXT(2) 
PARAMETRIC_REPRESENTATION_CONTEXT() REPRESENTATION_CONTEXT('2D SPACE',''
  ) );
#2669 = ORIENTED_EDGE('',*,*,#1938,.T.);
#2670 = ORIENTED_EDGE('',*,*,#2671,.T.);
#2671 = EDGE_CURVE('',#1941,#2672,#2674,.T.);
#2672 = VERTEX_POINT('',#2673);
#2673 = CARTESIAN_POINT('',(13.6,-2.8,31.1));
#2674 = SEAM_CURVE('',#2675,(#2678,#2684),.PCURVE_S1.);
#2675 = B_SPLINE_CURVE_WITH_KNOTS('',1,(#2676,#2677),.UNSPECIFIED.,.F.,
  .F.,(2,2),(0.,1.),.PIECEWISE_BEZIER_KNOTS.);
#2676 = CARTESIAN_POINT('',(16.,-2.8,26.1));
#2677 = CARTESIAN_POINT('',(13.6,-2.8,31.1));
#2678 = PCURVE('',#1962,#2679);
#2679 = DEFINITIONAL_REPRESENTATION('',(#2680),#2683);
#2680 = B_SPLINE_CURVE_WITH_KNOTS('',1,(#2681,#2682),.UNSPECIFIED.,.F.,
  .F.,(2,2),(0.,1.),.PIECEWISE_BEZIER_KNOTS.);
#2681 = CARTESIAN_POINT('',(0.,0.));
#2682 = CARTESIAN_POINT('',(0.,-5.));
#2683 = ( GEOMETRIC_REPRESENTATION_CONTEXT(2) 
PARAMETRIC_REPRESENTATION_CONTEXT() REPRESENTATION_CONTEXT('2D SPACE',''
  ) );
#2684 = PCURVE('',#1962,#2685);
#2685 = DEFINITIONAL_REPRESENTATION('',(#2686),#2689);
#2686 = B_SPLINE_CURVE_WITH_KNOTS('',1,(#2687,#2688),.UNSPECIFIED.,.F.,
  .F.,(2,2),(0.,1.),.PIECEWISE_BEZIER_KNOTS.);
#2687 = CARTESIAN_POINT('',(-6.28318530718,0.));
#2688 = CARTESIAN_POINT('',(-6.28318530718,-5.));
#2689 = ( GEOMETRIC_REPRESENTATION_CONTEXT(2) 
PARAMETRIC_REPRESENTATION_CONTEXT() REPRESENTATION_CONTEXT('2D SPACE',''
  ) );
#2690 = ORIENTED_EDGE('',*,*,#2691,.F.);
#2691 = EDGE_CURVE('',#2672,#2672,#2692,.T.);
#2692 = SURFACE_CURVE('',#2693,(#2698,#2705),.PCURVE_S1.);
#2693 = CIRCLE('',#2694,0.1);
#2694 = AXIS2_PLACEMENT_3D('',#2695,#2696,#2697);
#2695 = CARTESIAN_POINT('',(13.5,-2.8,31.1));
#2696 = DIRECTION('',(0.,0.,1.));
#2697 = DIRECTION('',(1.,0.,0.));
#2698 = PCURVE('',#1962,#2699);
#2699 = DEFINITIONAL_REPRESENTATION('',(#2700),#2704);
#2700 = LINE('',#2701,#2702);
#2701 = CARTESIAN_POINT('',(-0.,-5.));
#2702 = VECTOR('',#2703,1.);
#2703 = DIRECTION('',(-1.,-0.));
#2704 = ( GEOMETRIC_REPRESENTATION_CONTEXT(2) 
PARAMETRIC_REPRESENTATION_CONTEXT() REPRESENTATION_CONTEXT('2D SPACE',''
  ) );
#2705 = PCURVE('',#2706,#2711);
#2706 = PLANE('',#2707);
#2707 = AXIS2_PLACEMENT_3D('',#2708,#2709,#2710);
#2708 = CARTESIAN_POINT('',(13.5,-2.8,31.1));
#2709 = DIRECTION('',(0.,0.,1.));
#2710 = DIRECTION('',(1.,0.,0.));
#2711 = DEFINITIONAL_REPRESENTATION('',(#2712),#2716);
#2712 = CIRCLE('',#2713,1.E-01);
#2713 = AXIS2_PLACEMENT_2D('',#2714,#2715);
#2714 = CARTESIAN_POINT('',(0.,0.));
#2715 = DIRECTION('',(1.,0.));
#2716 = ( GEOMETRIC_REPRESENTATION_CONTEXT(2) 
PARAMETRIC_REPRESENTATION_CONTEXT() REPRESENTATION_CONTEXT('2D SPACE',''
  ) );
#2717 = ORIENTED_EDGE('',*,*,#2671,.F.);
#2718 = ADVANCED_FACE('',(#2719),#1994,.F.);
#2719 = FACE_BOUND('',#2720,.F.);
#2720 = EDGE_LOOP('',(#2721,#2722));
#2721 = ORIENTED_EDGE('',*,*,#1977,.F.);
#2722 = ORIENTED_EDGE('',*,*,#2648,.T.);
#2723 = ADVANCED_FACE('',(#2724),#2360,.F.);
#2724 = FACE_BOUND('',#2725,.F.);
#2725 = EDGE_LOOP('',(#2726));
#2726 = ORIENTED_EDGE('',*,*,#2343,.T.);
#2727 = ADVANCED_FACE('',(#2728),#2416,.F.);
#2728 = FACE_BOUND('',#2729,.F.);
#2729 = EDGE_LOOP('',(#2730));
#2730 = ORIENTED_EDGE('',*,*,#2399,.T.);
#2731 = ADVANCED_FACE('',(#2732),#2472,.F.);
#2732 = FACE_BOUND('',#2733,.F.);
#2733 = EDGE_LOOP('',(#2734));
#2734 = ORIENTED_EDGE('',*,*,#2455,.T.);
#2735 = ADVANCED_FACE('',(#2736),#2528,.F.);
#2736 = FACE_BOUND('',#2737,.F.);
#2737 = EDGE_LOOP('',(#2738));
#2738 = ORIENTED_EDGE('',*,*,#2511,.T.);
#2739 = ADVANCED_FACE('',(#2740),#2626,.T.);
#2740 = FACE_BOUND('',#2741,.T.);
#2741 = EDGE_LOOP('',(#2742));
#2742 = ORIENTED_EDGE('',*,*,#2611,.T.);
#2743 = ADVANCED_FACE('',(#2744),#2706,.T.);
#2744 = FACE_BOUND('',#2745,.T.);
#2745 = EDGE_LOOP('',(#2746));
#2746 = ORIENTED_EDGE('',*,*,#2691,.T.);
#2747 = ( GEOMETRIC_REPRESENTATION_CONTEXT(3) 
GLOBAL_UNCERTAINTY_ASSIGNED_CONTEXT((#2751)) 
GLOBAL_UNIT_ASSIGNED_CONTEXT((#2748,#2749,#2750)) REPRESENTATION_CONTEXT
('Context #1','3D Context with UNIT and UNCERTAINTY') );
#2748 = ( LENGTH_UNIT() NAMED_UNIT(*) SI_UNIT(.MILLI.,.METRE.) );
#2749 = ( NAMED_UNIT(*) PLANE_ANGLE_UNIT() SI_UNIT($,.RADIAN.) );
#2750 = ( NAMED_UNIT(*) SI_UNIT($,.STERADIAN.) SOLID_ANGLE_UNIT() );
#2751 = UNCERTAINTY_MEASURE_WITH_UNIT(LENGTH_MEASURE(1.E-07),#2748,
  'distance_accuracy_value','confusion accuracy');
#2752 = CONTEXT_DEPENDENT_SHAPE_REPRESENTATION(#2753,#2755);
#2753 = ( REPRESENTATION_RELATIONSHIP('','',#109,#10) 
REPRESENTATION_RELATIONSHIP_WITH_TRANSFORMATION(#2754) 
SHAPE_REPRESENTATION_RELATIONSHIP() );
#2754 = ITEM_DEFINED_TRANSFORMATION('','',#11,#19);
#2755 = PRODUCT_DEFINITION_SHAPE('Placement','Placement of an item',
  #2756);
#2756 = NEXT_ASSEMBLY_USAGE_OCCURRENCE('2','','',#5,#104,$);
#2757 = PRODUCT_RELATED_PRODUCT_CATEGORY('part',$,(#106));
ENDSEC;
END-ISO-10303-21;
